VBCSCompilerPreWarmer: watching VBCSCompiler (PID 25780)
VBCSCompilerPreWarmer: pre-warm launched (dotnet PID 1700)
VBCSCompiler prewarm took 142.52 ms
[Licensing::Module] Trying to connect to existing licensing client channel...
Built from '6000.6/staging' branch; Version is '6000.6.3f1 (45d8eee7de74) revision 4577518'; Using compiler version '194234433'; Build Type 'Release'
[Licensing::IpcConnector] Successfully connected to: "LicenseClient-lucas62658716" at "2026-10-06T11:20:17.3948955Z"
OS: 'Windows 11  (10.0.26200) Professional' Language: 'pt' Physical Memory: 16070 MB
BatchMode: 0, IsHumanControllingUs: 1, StartBugReporterOnCrash: 1, Is64bit: 1
System  architecture: x64
Process architecture: x64
Date: 2026-10-06T11:20:17Z
[Licensing::Client] Code 10 while verifying Licensing Client signature (process Id: 35444, path: "C:/Program Files/Unity/Hub/Editor/2022.3.11f1/Editor/Data/Resources/Licensing/Client/Unity.Licensing.Client.exe")
[Licensing::Module] LicensingClient has failed validation; ignoring
[Licensing::Client] Error: HandshakeResponse reported an error:
	ResponseCode: 505
	ResponseStatus: Unsupported protocol version '1.18.3'.
[Licensing::Module] Error: Failed to handshake to channel: "LicenseClient-lucas62658716"
[Licensing::IpcConnector] LicenseClient-lucas62658716 channel disconnected successfully.
[Licensing::IpcConnector] Channel LicenseClient-lucas62658716-6000.6.3 doesn't exist
[Licensing::Module] Successfully launched the LicensingClient (PId: 32900)

COMMAND LINE ARGUMENTS:
C:\Program Files\Unity\Hub\Editor\6000.6.3f1\Editor\Unity.exe
-projectpath
C:\Users\lucas62658716\personagem
-useHub
-hubIPC
-cloudEnvironment
production
-licensingIpc
LicenseClient-lucas62658716
-hubSessionId
3e6492be-687b-4c6c-9199-57c04607fda6
Successfully changed project path to: C:\Users\lucas62658716\personagem
C:/Users/lucas62658716/personagem
[UnityMemory] Configuration Parameters - Can be set up in boot.config
    "memorysetup-temp-allocator-size-gi-baking-worker=262144"
    "memorysetup-temp-allocator-size-gi-baking-worker=262144"
    "memorysetup-temp-allocator-size-gi-baking-worker=262144"
    "memorysetup-temp-allocator-size-gi-baking-worker=262144"
    "memorysetup-temp-allocator-size-gi-baking-worker=262144"
    "memorysetup-temp-allocator-size-nav-mesh-worker=65536"
    "memorysetup-temp-allocator-size-audio-worker=65536"
    "memorysetup-temp-allocator-size-cloud-worker=32768"
    "memorysetup-temp-allocator-size-gfx=262144"
    "memorysetup-remapper-allocator-initial-capacity=32768"
    "memorysetup-temp-allocator-size-preload-manager=33554432"
    "memorysetup-allocator-temp-initial-block-size-main=262144"
    "memorysetup-allocator-temp-initial-block-size-worker=262144"
    "memorysetup-temp-allocator-size-job-worker=262144"
    "memorysetup-temp-allocator-size-background-worker=32768"
    "memorysetup-bucket-allocator-granularity=16"
    "memorysetup-bucket-allocator-bucket-count=8"
    "memorysetup-bucket-allocator-block-size=33554432"
    "memorysetup-bucket-allocator-block-count=8"
    "memorysetup-main-allocator-block-size=16777216"
    "memorysetup-thread-allocator-block-size=16777216"
    "memorysetup-main-allocator-mimalloc-enabled=1"
    "memorysetup-gfx-main-allocator-block-size=16777216"
    "memorysetup-gfx-thread-allocator-block-size=16777216"
    "memorysetup-cache-allocator-block-size=4194304"
    "memorysetup-typetree-allocator-block-size=2097152"
    "memorysetup-profiler-bucket-allocator-granularity=16"
    "memorysetup-profiler-bucket-allocator-bucket-count=8"
    "memorysetup-profiler-bucket-allocator-block-size=33554432"
    "memorysetup-profiler-bucket-allocator-block-count=8"
    "memorysetup-profiler-allocator-block-size=16777216"
    "memorysetup-profiler-editor-allocator-block-size=1048576"
    "memorysetup-temp-allocator-size-main=16777216"
    "memorysetup-job-temp-allocator-block-size=2097152"
    "memorysetup-job-temp-allocator-block-size-background=1048576"
    "memorysetup-job-temp-allocator-reduction-small-platforms=262144"
Player connection [25352]  Target information:

Player connection [25352]  * "[IP] 10.16.108.35 [Port] 55504 [Flags] 2 [Guid] 4185492073 [EditorId] 4185492073 [Version] 1048832 [Id] WindowsEditor(7,L06003-033245) [Debug] 1 [PackageName] WindowsEditor [ProjectName] Editor" 

Player connection [25352] Host joined multi-casting on [225.0.0.222:54997]...
Player connection [25352] Host joined alternative multi-casting on [225.0.0.222:34997]...
Input System module state changed to: Initialized.
[Physics::Module] Initialized fallback backend.
[Physics::Module] Id: 0xdecafbad
[Package Manager] Connected to IPC stream "Upm-17768" after 0.3 seconds.
[Licensing::Module] Licensing is not yet initialized.
[Licensing::IpcConnector] Successfully connected to: "LicenseClient-lucas62658716-6000.6.3" at "2026-10-06T11:20:20.4755826Z"
[Licensing::Client] Code 10 while verifying Licensing Client signature (process Id: 32900, path: "C:/Program Files/Unity/Hub/Editor/6000.6.3f1/Editor/Data/Resources/Licensing/Client/Unity.Licensing.Client.exe")
[Licensing::Module] LicensingClient has failed validation; ignoring
[Licensing::Client] Handshaking with LicensingClient:
  Version:                 1.18.3+d7ffd15
  Session Id:              4747ce4218a84c8eb24bb59d3c891583
  Correlation Id:          00ac399da0b29ebe686c8933dc3c046a
  External correlation Id: 28213088434083244
  Machine Id:              sFH2+DTiHsUJCZWXvXC+dLTIHnk=
[Licensing::Module] Successfully connected to LicensingClient on channel: "LicenseClient-lucas62658716-6000.6.3" (connect: 2.91s, validation: 0.43s, handshake: 0.14s)
[Licensing::IpcConnector] Successfully connected to: "LicenseClient-lucas62658716-6000.6.3-notifications" at "2026-10-06T11:20:21.0458686Z"
[Licensing::Module] Connected to LicensingClient (PId: 32900, launch time: 0.06, total connection time: 3.48s)
[Licensing::Module] Error: Access token is unavailable; failed to update
[Licensing::Client] Successfully resolved entitlement details
[Licensing::Module] License group:
  Id: F4-Z3DG-YMY3-TBTY-XM54-XXXX
  Product: Unity Personal
  Type: ULF
  Expiration: Unlimited
[Licensing::Client] Successfully updated license, isAsync: True, time: 0.02
[Licensing::Client] Successfully resolved entitlement details
[Licensing::Module] Licensing Background thread has ended after 3.80s
[Licensing::Module] Licensing is initialized (took 2.51s).
[Licensing::Client] Successfully resolved entitlement details
Library Redirect Path: Library/
Initialising UDS system complete:
  - System type: Client
  - Resource namespace: 5bd716b3c7d2972c4aa678b0fe1cf33e
  - Shared memory size: 1073741824
  - Command buffer id: 1052576
  - Command buffer size: 8192
  - Hashmap size: 4194304
  - Service connected: false
Launching Unity Data Store - C:/Program Files/Unity/Hub/Editor/6000.6.3f1/Editor/Data/Tools/Unity.DataStore.exe 
Unity Data Store artifact dir = Library/DataStore, working dir = C:/Users/lucas62658716/personagemSerialized file "ProjectSettings/DynamicsManager.asset" contains a PhysicsManager object at version 11, below the supported minimum (13). Open and re-save the file to upgrade.
Unity Data Store running and initialised
[Physics::Module] Selected backend (deferred post-plugins).
[Physics::Module] Name: PhysX
[Physics::Module] Id: 0xf2b8ea05
[Physics::Module] SDK Version: 4.1.2
[Physics::Module] Integration Version: 1.0.0
[Physics::Module] Threading Mode: Multi-Threaded
Initialize engine version: 6000.6.3f1 (45d8eee7de74)
[EntityIdStore] init: VM path (explicit commit), pageSize=4096, blockCount=1048576, entitiesPerBlock=256, slots reserved=4294967296 bytes
[Subsystems] Discovering subsystems at path C:/Program Files/Unity/Hub/Editor/6000.6.3f1/Editor/Data/Resources/UnitySubsystems
[Subsystems] Discovering subsystems at path C:/Users/lucas62658716/personagem/Assets
[D3D12 Device Filter] Vendor Name: NVIDIA
[D3D12 Device Filter] Device Name: NVIDIA RTX 2000 Ada Generation
[D3D12 Device Filter] Driver Version: 32.0.15.9671
[D3D12 Device Filter] Feature Level: 12.2
[D3D12 Device Filter] Graphics Memory: 16118 MB
[D3D12 Device Filter] Processor Count: 28
[D3D12 Device Filter] Device Type: Discrete
GfxDevice: creating device client; kGfxThreadingModeSplitJobs
d3d12: failed to query info queue interface (0x80004002).
Direct3D:
    Version:         Direct3D 12 [level 12.2]
    Renderer:        NVIDIA RTX 2000 Ada Generation (ID=0x28b0)
    Vendor:          NVIDIA
    VRAM:            16118 MB
    App VRAM Budget: 15350 MB
    Driver:          32.0.15.9671
Initialize mono
Mono path[0] = 'C:/Program Files/Unity/Hub/Editor/6000.6.3f1/Editor/Data/Managed'
Mono path[1] = 'C:/Program Files/Unity/Hub/Editor/6000.6.3f1/Editor/Data/BCLExtensions/runtime/netstandard2.1'
Mono path[2] = 'C:/Program Files/Unity/Hub/Editor/6000.6.3f1/Editor/Data/MonoBleedingEdge/lib/mono/unityjit-win32'
Mono config path = 'C:/Program Files/Unity/Hub/Editor/6000.6.3f1/Editor/Data/MonoBleedingEdge/etc'
Using monoOptions --debugger-agent=transport=dt_socket,embedding=1,server=y,suspend=n,address=127.0.0.1:56768
CodeReloadManager initialized
ImportWorker Server TCP listen port: 0
AcceleratorClientConnectionCallback - disconnected - :0
Begin MonoManager ReloadAssembly
Registering precompiled unity dll's ...
Register platform support module: C:/Program Files/Unity/Hub/Editor/6000.6.3f1/Editor/Data/PlaybackEngines/WindowsStandaloneSupport/UnityEditor.WindowsStandalone.Extensions.dll
[Licensing::Client] Successfully resolved entitlement details
Register platform support module: C:/Program Files/Unity/Hub/Editor/6000.6.3f1/Editor/Data/PlaybackEngines/AndroidPlayer/UnityEditor.Android.Extensions.dll
Registered in 0.093531 seconds.
Native extension for Android target not found
Native extension for WindowsStandalone target not found
Package Manager log level set to [2]
ScheduleIndexationOnStartup MainProcess:False IndexOnStartup:True
Scripting: successfully reloaded assembly
- Finished resetting the current domain, in  2.155 seconds
Domain Reload Profiling: 3885ms
	BeginReloadAssembly (525ms)
		CreateAndSetChildDomain (20ms)
	RebuildCommonClasses (5ms)
	RebuildNativeTypeToScriptingClass (207ms)
	initialDomainReloadingComplete (253ms)
	LoadAllAssembliesAndSetupDomain (738ms)
		LoadAssemblies (507ms)
		TypeCache.Refresh (624ms)
			TypeCache.ScanAssembly (577ms)
		AnalyzeDomain (3ms)
	FinalizeReload (2157ms)
		SetupLoadedEditorAssemblies (0ms)
			InitializePlatformSupportModulesInManaged (68ms)
			BeforeProcessingInitializeOnLoad (92ms)
			ProcessInitializeOnLoadAttributes (109ms)
			ProcessInitializeOnLoadMethodAttributes (1490ms)
[Licensing::Client] Successfully resolved entitlement details
Application.AssetDatabase Initial Refresh Start
[Package Manager] Restoring resolved packages state from cache
[Licensing::Client] Successfully resolved entitlement details
[Package Manager] Registered 52 packages:
  Packages from [https://packages.unity.com]:
    com.unity.collab-proxy@2.13.6 (location: C:\Users\lucas62658716\personagem\Library\PackageCache\com.unity.collab-proxy@4628d2ba6ea4)
    com.unity.ide.rider@3.0.38 (location: C:\Users\lucas62658716\personagem\Library\PackageCache\com.unity.ide.rider@1f60b3138684)
    com.unity.ide.visualstudio@2.0.26 (location: C:\Users\lucas62658716\personagem\Library\PackageCache\com.unity.ide.visualstudio@a99d56dec63f)
    com.unity.inputsystem@1.20.0 (location: C:\Users\lucas62658716\personagem\Library\PackageCache\com.unity.inputsystem@7a4e1a2a8194)
    com.unity.visualscripting@1.9.12 (location: C:\Users\lucas62658716\personagem\Library\PackageCache\com.unity.visualscripting@4edfcc09512f)
    com.unity.performance.profile-analyzer@1.4.0 (location: C:\Users\lucas62658716\personagem\Library\PackageCache\com.unity.performance.profile-analyzer@2bb26871883c)
    com.unity.testtools.codecoverage@1.3.0 (location: C:\Users\lucas62658716\personagem\Library\PackageCache\com.unity.testtools.codecoverage@19a841221620)
    com.unity.settings-manager@2.1.1 (location: C:\Users\lucas62658716\personagem\Library\PackageCache\com.unity.settings-manager@0b8638c5ce86)
  Built-in packages:
    com.unity.feature.development@1.0.2 (location: C:\Users\lucas62658716\personagem\Library\PackageCache\com.unity.feature.development@767aadbc6eb7)
    com.unity.timeline@6.6.0 (location: C:\Users\lucas62658716\personagem\Library\PackageCache\com.unity.timeline@c56d56b0070b)
    com.unity.ugui@2.6.0 (location: C:\Users\lucas62658716\personagem\Library\PackageCache\com.unity.ugui@0727b404f3a0)
    com.unity.modules.accessibility@1.0.0 (location: C:\Users\lucas62658716\personagem\Library\PackageCache\com.unity.modules.accessibility)
    com.unity.modules.adaptiveperformance@1.0.0 (location: C:\Users\lucas62658716\personagem\Library\PackageCache\com.unity.modules.adaptiveperformance)
    com.unity.modules.ai@1.0.0 (location: C:\Users\lucas62658716\personagem\Library\PackageCache\com.unity.modules.ai)
    com.unity.modules.androidjni@1.0.0 (location: C:\Users\lucas62658716\personagem\Library\PackageCache\com.unity.modules.androidjni)
    com.unity.modules.animation@1.0.0 (location: C:\Users\lucas62658716\personagem\Library\PackageCache\com.unity.modules.animation)
    com.unity.modules.assetbundle@1.0.0 (location: C:\Users\lucas62658716\personagem\Library\PackageCache\com.unity.modules.assetbundle)
    com.unity.modules.audio@1.0.0 (location: C:\Users\lucas62658716\personagem\Library\PackageCache\com.unity.modules.audio)
    com.unity.modules.cloth@1.0.0 (location: C:\Users\lucas62658716\personagem\Library\PackageCache\com.unity.modules.cloth)
    com.unity.modules.director@1.0.0 (location: C:\Users\lucas62658716\personagem\Library\PackageCache\com.unity.modules.director)
    com.unity.modules.imageconversion@1.0.0 (location: C:\Users\lucas62658716\personagem\Library\PackageCache\com.unity.modules.imageconversion)
    com.unity.modules.imgui@1.0.0 (location: C:\Users\lucas62658716\personagem\Library\PackageCache\com.unity.modules.imgui)
    com.unity.modules.jsonserialize@1.0.0 (location: C:\Users\lucas62658716\personagem\Library\PackageCache\com.unity.modules.jsonserialize)
    com.unity.modules.particlesystem@1.0.0 (location: C:\Users\lucas62658716\personagem\Library\PackageCache\com.unity.modules.particlesystem)
    com.unity.modules.physics@1.0.0 (location: C:\Users\lucas62658716\personagem\Library\PackageCache\com.unity.modules.physics)
    com.unity.modules.physics2d@1.0.0 (location: C:\Users\lucas62658716\personagem\Library\PackageCache\com.unity.modules.physics2d)
    com.unity.modules.physicscore2d@1.0.0 (location: C:\Users\lucas62658716\personagem\Library\PackageCache\com.unity.modules.physicscore2d)
    com.unity.modules.screencapture@1.0.0 (location: C:\Users\lucas62658716\personagem\Library\PackageCache\com.unity.modules.screencapture)
    com.unity.modules.terrain@1.0.0 (location: C:\Users\lucas62658716\personagem\Library\PackageCache\com.unity.modules.terrain)
    com.unity.modules.terrainphysics@1.0.0 (location: C:\Users\lucas62658716\personagem\Library\PackageCache\com.unity.modules.terrainphysics)
    com.unity.modules.tetgen@1.0.0 (location: C:\Users\lucas62658716\personagem\Library\PackageCache\com.unity.modules.tetgen)
    com.unity.modules.tilemap@1.0.0 (location: C:\Users\lucas62658716\personagem\Library\PackageCache\com.unity.modules.tilemap)
    com.unity.modules.timelinefoundation@1.0.0 (location: C:\Users\lucas62658716\personagem\Library\PackageCache\com.unity.modules.timelinefoundation)
    com.unity.modules.ui@1.0.0 (location: C:\Users\lucas62658716\personagem\Library\PackageCache\com.unity.modules.ui)
    com.unity.modules.uielements@1.0.0 (location: C:\Users\lucas62658716\personagem\Library\PackageCache\com.unity.modules.uielements)
    com.unity.modules.umbra@1.0.0 (location: C:\Users\lucas62658716\personagem\Library\PackageCache\com.unity.modules.umbra)
    com.unity.modules.unityanalytics@1.0.0 (location: C:\Users\lucas62658716\personagem\Library\PackageCache\com.unity.modules.unityanalytics)
    com.unity.modules.unitywebrequest@1.0.0 (location: C:\Users\lucas62658716\personagem\Library\PackageCache\com.unity.modules.unitywebrequest)
    com.unity.modules.unitywebrequestassetbundle@1.0.0 (location: C:\Users\lucas62658716\personagem\Library\PackageCache\com.unity.modules.unitywebrequestassetbundle)
    com.unity.modules.unitywebrequestaudio@1.0.0 (location: C:\Users\lucas62658716\personagem\Library\PackageCache\com.unity.modules.unitywebrequestaudio)
    com.unity.modules.unitywebrequesttexture@1.0.0 (location: C:\Users\lucas62658716\personagem\Library\PackageCache\com.unity.modules.unitywebrequesttexture)
    com.unity.modules.unitywebrequestwww@1.0.0 (location: C:\Users\lucas62658716\personagem\Library\PackageCache\com.unity.modules.unitywebrequestwww)
    com.unity.modules.vectorgraphics@1.0.0 (location: C:\Users\lucas62658716\personagem\Library\PackageCache\com.unity.modules.vectorgraphics)
    com.unity.modules.vehicles@1.0.0 (location: C:\Users\lucas62658716\personagem\Library\PackageCache\com.unity.modules.vehicles)
    com.unity.modules.video@1.0.0 (location: C:\Users\lucas62658716\personagem\Library\PackageCache\com.unity.modules.video)
    com.unity.modules.wind@1.0.0 (location: C:\Users\lucas62658716\personagem\Library\PackageCache\com.unity.modules.wind)
    com.unity.modules.xr@1.0.0 (location: C:\Users\lucas62658716\personagem\Library\PackageCache\com.unity.modules.xr)
    com.unity.modules.subsystems@1.0.0 (location: C:\Users\lucas62658716\personagem\Library\PackageCache\com.unity.modules.subsystems)
    com.unity.modules.hierarchycore@1.0.0 (location: C:\Users\lucas62658716\personagem\Library\PackageCache\com.unity.modules.hierarchycore)
    com.unity.test-framework@1.8.0 (location: C:\Users\lucas62658716\personagem\Library\PackageCache\com.unity.test-framework@80f691d4262b)
    com.unity.ext.nunit@2.1.0 (location: C:\Users\lucas62658716\personagem\Library\PackageCache\com.unity.ext.nunit@0198eae3b53e)
    com.unity.editorcoroutines@6.6.0 (location: C:\Users\lucas62658716\personagem\Library\PackageCache\com.unity.editorcoroutines@8cd72baa102a)
[Subsystems] No new subsystems found in resolved package list.
[Package Manager] Done registering packages in 0.28 seconds
Starting: C:\Program Files\Unity\Hub\Editor\6000.6.3f1\Editor\Data\Tools\BuildPipeline\bee_backend.exe --ipc --defer-dag-verification --dagfile="Library/Bee/1900b0aE.dag" --continue-on-failure --profile="Library/Bee/backend1.traceevents" ScriptAssemblies
WorkingDir: C:/Users/lucas62658716/personagem
ExitCode: 0 Duration: 0s515ms
[461/567    0s] ILPP-Configuration Library/ilpp-configuration.nevergeneratedoutput
*** Tundra build success (0.40 seconds), 1 items updated, 567 evaluated
AssetDatabase: script compilation time: 3.249704s
Total cache size 77508908
Total cache size after purge 77508908, took 00:00:00.1325324
Begin MonoManager ReloadAssembly
Refreshing native plugins compatible for Editor in 38.70 ms, found 4 plugins.
Native extension for Android target not found
Native extension for WindowsStandalone target not found
ScheduleIndexationOnStartup MainProcess:True IndexOnStartup:True
Scripting: successfully reloaded assembly
- Finished resetting the current domain, in  0.670 seconds
Domain Reload Profiling: 2419ms
	BeginReloadAssembly (550ms)
		DisableScriptedObjects (50ms)
		CreateAndSetChildDomain (45ms)
	RebuildCommonClasses (7ms)
	RebuildNativeTypeToScriptingClass (11ms)
	initialDomainReloadingComplete (163ms)
	LoadAllAssembliesAndSetupDomain (1016ms)
		LoadAssemblies (1108ms)
		TypeCache.Refresh (178ms)
			TypeCache.ScanAssembly (168ms)
		AnalyzeDomain (33ms)
			BuildScriptInfoCaches (29ms)
			ResolveRequiredComponents (3ms)
	FinalizeReload (671ms)
		SetupLoadedEditorAssemblies (0ms)
			InitializePlatformSupportModulesInManaged (13ms)
			BeforeProcessingInitializeOnLoad (104ms)
			ProcessInitializeOnLoadAttributes (318ms)
			ProcessInitializeOnLoadMethodAttributes (29ms)
			AfterProcessingInitializeOnLoad (6ms)
		AwakeInstancesAfterBackupRestoration (26ms)
Starting new worker id: 0 with log in C:/Users/lucas62658716/personagem/Logs/AssetImportWorkerHW0.log

Asset Pipeline Refresh (id=9331654c4dd74f5459a41fd63d27267e): Total: 7.918 seconds - Initiated by InitialRefreshV2(ForceSynchronousImport)
	(Values over 0.05ms)
	Summary:
		Imports: total=0 (actual=0, local cache=0, cache server=0)
		Asset DB Process Time: managed=0 ms, native=2354 ms
		Asset DB Callback time: managed=22 ms, native=294 ms
		Scripting: domain reloads=1, domain reload time=1949 ms, compile time=3256 ms, other=39 ms
		Project Asset Count: scripts=836, non-scripts=940
		Asset File Changes: new=0, changed=0, moved=0, deleted=0
		Scan Filter Count: 0
	InvokePackagesCallback: 304.041ms
	ApplyChangesToAssetFolders: 1.531ms
	Scan: 263.140ms
	Collect global state as custom dependencies: 16.754ms
	CategorizeScriptCompilationAssets: 472.213ms
	ProcessAssetsWithTransientArtifactChanges: 46.895ms
	CategorizeAssets: 15.248ms
	CompileScripts: 3255.828ms
	ImportOutOfDateAssets: 761.388ms (719.197ms without children)
		UnloadImportedAssets: 0.095ms
		EnsureUptoDateAssetsAreRegisteredWithGuidPM: 0.241ms
		ImportSchedulerStart: 41.852ms
	PostProcessAllAssets: 22.716ms
		MonoPostProcessAllAssets: 22.664ms
			WindowAssetPostprocessingWatcher.OnPostprocessAllAssets 8.217ms
			SyncVS.PostprocessSyncProject 2.733ms
			EditModeScopePostprocessor.OnPostprocessAllAssets 0.714ms
			SpeedTree9Postprocessor.OnPostprocessAllAssets 0.605ms
			ReferencedClipsPostProcessor.OnPostprocessAllAssets 0.231ms
			InputActionAssetPostprocessor.OnPostprocessAllAssets 0.213ms
			TerrainToolbarOverlayPostProcessor.OnPostprocessAllAssets 0.176ms
			AssetDatabaseCallbacks.OnPostprocessAllAssets 0.136ms
			ProjectSettingsPostprocessor.OnPostprocessAllAssets 0.131ms
			RenderPipelineGlobalSettingsPostprocessor.OnPostprocessAllAssets 0.065ms
	UnloadStreamsBegin: 1.482ms
	GenerateScriptTypeHashes: 0.895ms
	GenerateScriptTypeSerializationHashes: 1.811ms
	Untracked: 2718.680ms

Application.AssetDatabase Initial Refresh End
Launched and connected shader compiler UnityShaderCompiler.exe after 0.08 seconds
Scanning for USB devices : 2.146ms
Initializing Unity extensions:
[MODES] ModeService[none].Initialize
[MODES] ModeService[none].LoadModes
[MODES] Loading mode Default (0) for mode-current-id-personagem
Unloading 2 Unused Serialized files (Serialized files now loaded: 0)
Loaded scene 'Assets/Scenes/SampleScene.unity'
	Deserialize:            7.480 ms
	Integration:            24.666 ms
	Integration of assets:  0.002 ms
	Thread Wait Time:       0.014 ms
	Total Operation Time:   32.162 ms
Unloading 4317 unused Assets / (1.6 MB). Loaded Objects now: 5321.
Memory consumption went from 337.9 MB to 336.3 MB.
Total: 6.384100 ms (FindLiveObjects: 0.405300 ms CreateObjectMapping: 0.121200 ms MarkObjects: 4.961900 ms  DeleteObjects: 0.720700 ms)

[LAYOUT] About to load UserSettings\Layouts\default-6000.dwlt, keepMainWindow=False
Worker ready: AssetImportWorkerHW0 0
[LAYOUT] About to save layout C:\Users\lucas62658716\personagem\UserSettings\Layouts\default-6000.dwlt
[LAYOUT] About to save layout C:/Users/lucas62658716/AppData/Roaming/Unity/Editor-5.x/Preferences\Layouts\current\default-6000.dwlt
[MODES] ModeService[default].InitializeCurrentMode
[MODES] ModeService[default].RaiseModeChanged(default, default)
This project uses Input Manager, which is marked for deprecation. To manage input in your project, use the <a href="https://docs.unity3d.com/Packages/com.unity.inputsystem@latest">Input System package</a> instead.
<RI> Initializing input.
Using Windows.Gaming.Input
XInput1_3.dll not found. Trying XInput9_1_0.dll instead...
<RI> Input initialized.
[Project] Loading completed in 22.304 seconds
	Project init time: 				19.289 seconds
		Template init time: 		0.000 seconds
		Package Manager init time: 		2.895 seconds
		Asset Database init time: 		0.655 seconds
		Global illumination init time: 	0.070 seconds
		Assemblies load time: 			4.062 seconds
		Unity extensions init time: 	0.018 seconds
		Asset Database refresh time: 	7.918 seconds
	Scene opening time: 			2.515 seconds
##utp:{"type":"ProjectInfo","version":2,"phase":"Immediate","time":1791285639533,"processId":17768,"projectLoad":22.3037377,"projectInit":19.2894506,"templateInit":0.0,"packageManagerInit":2.8945235,"assetDatabaseInit":0.6552719,"globalIlluminationInit":0.0696583,"assembliesLoad":4.0624536,"unityExtensionsInit":0.0176155,"assetDatabaseRefresh":7.9181628,"sceneOpening":2.5146533}
##utp:{"type":"EditorInfo","version":2,"phase":"Immediate","time":1791285639534,"processId":17768,"editorVersion":"6000.6.3f1 (45d8eee7de74)","branch":"6000.6/staging","buildType":"Release","platform":"Windows"}
Asset Pipeline Refresh (id=bcfe8511207c87d4ba171d05da454575): Total: 0.071 seconds - Initiated by RefreshV2(AllowForceSynchronousImport)
Start Indexing on Editor startup
[Indexing] Starting Initial Indexing for Assets
Created GICache directory at C:/Users/lucas62658716/AppData/LocalLow/Unity/Caches/GiCache. Took: 0.028s, timestamps: [23.180 - 23.208]
[Licensing::Client] Successfully resolved entitlement details
[Licensing::Client] Successfully resolved entitlement details
[Licensing::Client] Successfully resolved entitlement details
Android Extension - Scanning For ADB Devices 2704 ms
Android Extension - Scanning For ADB Devices 514 ms
Attempted to call .Dispose on an already disposed CancellationTokenSource
Android Extension - Scanning For ADB Devices 484 ms
Android Extension - Scanning For ADB Devices 493 ms
Request Asset Garbage Collect because used heap size increased from 336.0 MB to 0.58 GB, exceeding the threshold of 256.0 MB.
Unloading 14 Unused Serialized files (Serialized files now loaded: 0)
Unloading 61 unused Assets / (45.9 MB). Loaded Objects now: 6433.
Memory consumption went from 0.57 GB to 0.53 GB.
Total: 11.438700 ms (FindLiveObjects: 0.315700 ms CreateObjectMapping: 0.086700 ms MarkObjects: 8.384400 ms  DeleteObjects: 2.477700 ms)

Reloading assemblies for play mode.
Reloading assemblies after forced synchronous recompile.
Attempted to call .Dispose on an already disposed CancellationTokenSource
Begin MonoManager ReloadAssembly
Refreshing native plugins compatible for Editor in 4.97 ms, found 4 plugins.
Native extension for Android target not found
Native extension for WindowsStandalone target not found
ScheduleIndexationOnStartup MainProcess:True IndexOnStartup:True
[MODES] ModeService[none].Initialize
[MODES] ModeService[none].LoadModes
Scripting: successfully reloaded assembly
- Finished resetting the current domain, in  1.273 seconds
Domain Reload Profiling: 2384ms
	BeginReloadAssembly (768ms)
		DisableScriptedObjects (176ms)
		CreateAndSetChildDomain (187ms)
	RebuildCommonClasses (7ms)
	RebuildNativeTypeToScriptingClass (11ms)
	initialDomainReloadingComplete (124ms)
	LoadAllAssembliesAndSetupDomain (199ms)
		LoadAssemblies (422ms)
		TypeCache.Refresh (6ms)
		AnalyzeDomain (4ms)
	FinalizeReload (1274ms)
		SetupLoadedEditorAssemblies (0ms)
			InitializePlatformSupportModulesInManaged (13ms)
			BeforeProcessingInitializeOnLoad (74ms)
			ProcessInitializeOnLoadAttributes (253ms)
			ProcessInitializeOnLoadMethodAttributes (25ms)
			AfterProcessingInitializeOnLoad (5ms)
		AwakeInstancesAfterBackupRestoration (560ms)
No restricted APIs configured; Validation skipped.
Checking 14 assemblies for restricted APIs found 0 usage(s) in 4 ms
Refreshing native plugins compatible for Editor in 5.44 ms, found 4 plugins.

Asset Pipeline Refresh (id=580d6cb3b10cd284581e8d2f06271a41): Total: 3.281 seconds - Initiated by StopAssetImportingV2(ForceSynchronousImport | ForceDomainReload)
	(Values over 0.05ms)
	Summary:
		Imports: total=0 (actual=0, local cache=0, cache server=0)
		Asset DB Process Time: managed=0 ms, native=1458 ms
		Asset DB Callback time: managed=403 ms, native=186 ms
		Scripting: domain reloads=1, domain reload time=1227 ms, compile time=4 ms, other=0 ms
		Project Asset Count: scripts=836, non-scripts=940
		Asset File Changes: new=0, changed=0, moved=0, deleted=0
		Scan Filter Count: 0
	InvokePackagesCallback: 6.417ms
	ApplyChangesToAssetFolders: 0.163ms
	Collect global state as custom dependencies: 3.003ms
	ProcessAssetsWithTransientArtifactChanges: 91.489ms
	CategorizeAssets: 9.046ms
	CompileScripts: 4.434ms
	ImportOutOfDateAssets: 1287.166ms (1285.122ms without children)
		UnloadImportedAssets: 1.530ms
		EnsureUptoDateAssetsAreRegisteredWithGuidPM: 0.247ms
		ImportSchedulerStart: 0.246ms
	PostProcessAllAssets: 577.965ms
		PostProcessCallbackCreateDeferredMaterials 7.929ms
		AssemblyValidation.PostprocessAllAssets 6.913ms
		PostprocessAssetsUpdateCachedIcon 5.908ms
		ShaderAssetModifiedCallback 3.939ms
		RaytracingShaderImportPostprocess 3.658ms
		ComputeShaderImportPostprocess 2.990ms
		SpeedTreeImporter.PostprocessAllAssets 2.621ms
		LocalizationDatabase.AssetDatabasePostprocessCallback 1.476ms
		BlockShaderImporter.PostprocessAllAssets 1.383ms
		VCAutoAddAssetPostprocess 0.910ms
		XRBuildSystem.XRAssetImported 0.392ms
		SpriteAtlasDatabase.OnAssetPostprocessCallback 0.137ms
		MonoPostProcessAllAssets: 401.795ms
			SyncVS.PostprocessSyncProject 319.266ms
			InputActionJsonNameModifierAssetProcessor.OnPostprocessAllAssets 14.359ms
			InputActionAssetPostprocessor.OnPostprocessAllAssets 14.263ms
			AssetPostprocessor.OnPostprocessAllAssets 13.664ms
			TextAssetPostProcessor.OnPostprocessAllAssets 8.874ms
			AssetChangedListener.OnPostprocessAllAssets 6.604ms
			BuilderAssetPostprocessor.OnPostprocessAllAssets 4.070ms
			WindowAssetPostprocessingWatcher.OnPostprocessAllAssets 3.991ms
			SpeedTree9Postprocessor.OnPostprocessAllAssets 2.232ms
			RetainedModeAssetPostprocessor.OnPostprocessAllAssets 1.179ms
			ProjectSettingsPostprocessor.OnPostprocessAllAssets 0.708ms
			UVCSAssetPostprocessor.OnPostprocessAllAssets 0.383ms
			ArtifactBrowserPostProcessor.OnPostprocessAllAssets 0.375ms
			StyleCatalogPostProcessor.OnPostprocessAllAssets 0.248ms
			AudioMixerPostprocessor.OnPostprocessAllAssets 0.231ms
			TMPro_TexturePostProcessor.OnPostprocessAllAssets 0.215ms
			EditModeScopePostprocessor.OnPostprocessAllAssets 0.202ms
			ReferencedClipsPostProcessor.OnPostprocessAllAssets 0.186ms
			SpeedTreePostProcessor.OnPostprocessAllAssets 0.180ms
			SamplePostprocessor.OnPostprocessAllAssets 0.172ms
			ThemePostprocessor.OnPostprocessAllAssets 0.169ms
			AssetEvents.OnPostprocessAllAssets 0.151ms
			TerrainToolbarOverlayPostProcessor.OnPostprocessAllAssets 0.118ms
			AssetDatabaseCallbacks.OnPostprocessAllAssets 0.108ms
			ConfigAssetsTracker.OnPostprocessAllAssets 0.099ms
			ScenarioDriftAssetsTracker.OnPostprocessAllAssets 0.099ms
			AssetReloadNotifier.OnPostprocessAllAssets 0.085ms
			RenderPipelineGlobalSettingsPostprocessor.OnPostprocessAllAssets 0.078ms
			AudioContainerPostProcessor.OnPostprocessAllAssets 0.061ms
	PostAssetChangesProfiler: 12.114ms
	GatherAllCurrentPrimaryImportResultRevisions: 0.088ms
	UnloadStreamsBegin: 0.997ms
	GenerateScriptTypeHashes: 0.438ms
	GenerateScriptTypeSerializationHashes: 0.939ms
	Untracked: 1254.437ms

Loaded scene 'Temp/__Backupscenes/0.backup'
	Deserialize:            1.170 ms
	Integration:            260.546 ms
	Integration of assets:  0.001 ms
	Thread Wait Time:       0.005 ms
	Total Operation Time:   261.723 ms
[Licensing::Client] Successfully resolved entitlement details
[Licensing::Client] Successfully resolved entitlement details
TrimDiskCacheJob: Current cache size 0mb
Unloading 3 Unused Serialized files (Serialized files now loaded: 0)
Loaded scene 'Temp/__Backupscenes/0.backup'
	Deserialize:            0.901 ms
	Integration:            19.548 ms
	Integration of assets:  0.001 ms
	Thread Wait Time:       0.008 ms
	Total Operation Time:   20.458 ms
Unloading 4012 unused Assets / (1.6 MB). Loaded Objects now: 6418.
Memory consumption went from 0.53 GB to 0.53 GB.
Total: 14.989300 ms (FindLiveObjects: 0.576200 ms CreateObjectMapping: 0.204100 ms MarkObjects: 13.416100 ms  DeleteObjects: 0.627000 ms)

[Licensing::Client] Successfully resolved entitlement details
Reloading assemblies for play mode.
Reloading assemblies after forced synchronous recompile.
[Licensing::Client] Successfully resolved entitlement details
Begin MonoManager ReloadAssembly
Refreshing native plugins compatible for Editor in 5.14 ms, found 4 plugins.
[Licensing::Client] Successfully resolved entitlement details
Native extension for Android target not found
Native extension for WindowsStandalone target not found
ScheduleIndexationOnStartup MainProcess:True IndexOnStartup:True
[MODES] ModeService[none].Initialize
[MODES] ModeService[none].LoadModes
Scripting: successfully reloaded assembly
- Finished resetting the current domain, in  1.390 seconds
Domain Reload Profiling: 2590ms
	BeginReloadAssembly (834ms)
		DisableScriptedObjects (152ms)
		CreateAndSetChildDomain (187ms)
	RebuildCommonClasses (8ms)
	RebuildNativeTypeToScriptingClass (12ms)
	initialDomainReloadingComplete (137ms)
	LoadAllAssembliesAndSetupDomain (209ms)
		LoadAssemblies (527ms)
		TypeCache.Refresh (6ms)
		AnalyzeDomain (4ms)
	FinalizeReload (1390ms)
		SetupLoadedEditorAssemblies (0ms)
			InitializePlatformSupportModulesInManaged (16ms)
			BeforeProcessingInitializeOnLoad (87ms)
			ProcessInitializeOnLoadAttributes (256ms)
			ProcessInitializeOnLoadMethodAttributes (28ms)
			AfterProcessingInitializeOnLoad (5ms)
		AwakeInstancesAfterBackupRestoration (576ms)

Asset Pipeline Refresh (id=0f131cd6e8f070b40992ebab82aa40ee): Total: 2.879 seconds - Initiated by StopAssetImportingV2(ForceSynchronousImport | ForceDomainReload)
	(Values over 0.05ms)
	Summary:
		Imports: total=0 (actual=0, local cache=0, cache server=0)
		Asset DB Process Time: managed=0 ms, native=1503 ms
		Asset DB Callback time: managed=14 ms, native=1 ms
		Scripting: domain reloads=1, domain reload time=1355 ms, compile time=4 ms, other=0 ms
		Project Asset Count: scripts=836, non-scripts=940
		Asset File Changes: new=0, changed=0, moved=0, deleted=0
		Scan Filter Count: 0
	InvokePackagesCallback: 9.268ms
	ApplyChangesToAssetFolders: 0.174ms
	Collect global state as custom dependencies: 3.990ms
	ProcessAssetsWithTransientArtifactChanges: 0.085ms
	CategorizeAssets: 8.281ms
	CompileScripts: 3.999ms
	ImportOutOfDateAssets: 1407.371ms (1405.838ms without children)
		UnloadImportedAssets: 0.500ms
		EnsureUptoDateAssetsAreRegisteredWithGuidPM: 0.284ms
		ImportSchedulerStart: 0.730ms
	PostProcessAllAssets: 14.491ms
		MonoPostProcessAllAssets: 14.488ms
			InputActionJsonNameModifierAssetProcessor.OnPostprocessAllAssets 14.359ms
			AssetPostprocessor.OnPostprocessAllAssets 13.664ms
			TextAssetPostProcessor.OnPostprocessAllAssets 8.874ms
			AssetChangedListener.OnPostprocessAllAssets 6.604ms
			BuilderAssetPostprocessor.OnPostprocessAllAssets 4.070ms
			WindowAssetPostprocessingWatcher.OnPostprocessAllAssets 3.964ms
			SyncVS.PostprocessSyncProject 2.116ms
			RetainedModeAssetPostprocessor.OnPostprocessAllAssets 1.179ms
			SpeedTree9Postprocessor.OnPostprocessAllAssets 0.547ms
			ProjectSettingsPostprocessor.OnPostprocessAllAssets 0.541ms
			UVCSAssetPostprocessor.OnPostprocessAllAssets 0.383ms
			ArtifactBrowserPostProcessor.OnPostprocessAllAssets 0.375ms
			StyleCatalogPostProcessor.OnPostprocessAllAssets 0.248ms
			AudioMixerPostprocessor.OnPostprocessAllAssets 0.231ms
			TMPro_TexturePostProcessor.OnPostprocessAllAssets 0.215ms
			EditModeScopePostprocessor.OnPostprocessAllAssets 0.210ms
			InputActionAssetPostprocessor.OnPostprocessAllAssets 0.210ms
			ReferencedClipsPostProcessor.OnPostprocessAllAssets 0.195ms
			SpeedTreePostProcessor.OnPostprocessAllAssets 0.180ms
			SamplePostprocessor.OnPostprocessAllAssets 0.172ms
			ThemePostprocessor.OnPostprocessAllAssets 0.169ms
			AssetEvents.OnPostprocessAllAssets 0.151ms
			AssetDatabaseCallbacks.OnPostprocessAllAssets 0.108ms
			TerrainToolbarOverlayPostProcessor.OnPostprocessAllAssets 0.104ms
			ConfigAssetsTracker.OnPostprocessAllAssets 0.099ms
			ScenarioDriftAssetsTracker.OnPostprocessAllAssets 0.099ms
			AssetReloadNotifier.OnPostprocessAllAssets 0.085ms
			AudioContainerPostProcessor.OnPostprocessAllAssets 0.061ms
			RenderPipelineGlobalSettingsPostprocessor.OnPostprocessAllAssets 0.059ms
	GatherAllCurrentPrimaryImportResultRevisions: 0.073ms
	UnloadStreamsBegin: 1.114ms
	PersistCurrentRevisions: 0.146ms
	GenerateScriptTypeHashes: 0.482ms
	GenerateScriptTypeSerializationHashes: 1.018ms
	Untracked: 1388.319ms

Loaded scene 'Temp/__Backupscenes/0.backup'
	Deserialize:            0.957 ms
	Integration:            239.679 ms
	Integration of assets:  0.001 ms
	Thread Wait Time:       0.011 ms
	Total Operation Time:   240.649 ms
[Licensing::Client] Successfully resolved entitlement details
[Licensing::Client] Successfully resolved entitlement details
Unloading 2 Unused Serialized files (Serialized files now loaded: 0)
Loaded scene 'Temp/__Backupscenes/0.backup'
	Deserialize:            0.846 ms
	Integration:            13.873 ms
	Integration of assets:  0.001 ms
	Thread Wait Time:       0.008 ms
	Total Operation Time:   14.728 ms
Unloading 25 unused Assets / (1.4 MB). Loaded Objects now: 6566.
Memory consumption went from 0.54 GB to 0.54 GB.
Total: 14.243200 ms (FindLiveObjects: 0.411800 ms CreateObjectMapping: 0.090200 ms MarkObjects: 13.503300 ms  DeleteObjects: 0.062400 ms)

[Licensing::Client] Successfully resolved entitlement details
Reloading assemblies for play mode.
Reloading assemblies after forced synchronous recompile.
Begin MonoManager ReloadAssembly
Refreshing native plugins compatible for Editor in 5.97 ms, found 4 plugins.
[Licensing::Client] Successfully resolved entitlement details
Native extension for Android target not found
Native extension for WindowsStandalone target not found
ScheduleIndexationOnStartup MainProcess:True IndexOnStartup:True
[MODES] ModeService[none].Initialize
[MODES] ModeService[none].LoadModes
Scripting: successfully reloaded assembly
- Finished resetting the current domain, in  1.299 seconds
Domain Reload Profiling: 2422ms
	BeginReloadAssembly (788ms)
		DisableScriptedObjects (137ms)
		CreateAndSetChildDomain (208ms)
	RebuildCommonClasses (7ms)
	RebuildNativeTypeToScriptingClass (11ms)
	initialDomainReloadingComplete (125ms)
	LoadAllAssembliesAndSetupDomain (192ms)
		LoadAssemblies (477ms)
		TypeCache.Refresh (6ms)
		AnalyzeDomain (4ms)
	FinalizeReload (1300ms)
		SetupLoadedEditorAssemblies (0ms)
			InitializePlatformSupportModulesInManaged (14ms)
			BeforeProcessingInitializeOnLoad (75ms)
			ProcessInitializeOnLoadAttributes (244ms)
			ProcessInitializeOnLoadMethodAttributes (27ms)
			AfterProcessingInitializeOnLoad (5ms)
		AwakeInstancesAfterBackupRestoration (550ms)

Asset Pipeline Refresh (id=2160ae803cfc2a94ea04b03d57ff6576): Total: 2.678 seconds - Initiated by StopAssetImportingV2(ForceSynchronousImport | ForceDomainReload)
	(Values over 0.05ms)
	Summary:
		Imports: total=0 (actual=0, local cache=0, cache server=0)
		Asset DB Process Time: managed=0 ms, native=1413 ms
		Asset DB Callback time: managed=14 ms, native=1 ms
		Scripting: domain reloads=1, domain reload time=1241 ms, compile time=7 ms, other=0 ms
		Project Asset Count: scripts=836, non-scripts=940
		Asset File Changes: new=0, changed=0, moved=0, deleted=0
		Scan Filter Count: 0
	InvokePackagesCallback: 9.743ms
	ApplyChangesToAssetFolders: 0.182ms
	Collect global state as custom dependencies: 5.055ms
	ProcessAssetsWithTransientArtifactChanges: 0.084ms
	CategorizeAssets: 7.869ms
	CompileScripts: 7.193ms
	ImportOutOfDateAssets: 1313.177ms (1312.207ms without children)
		UnloadImportedAssets: 0.468ms
		EnsureUptoDateAssetsAreRegisteredWithGuidPM: 0.214ms
		ImportSchedulerStart: 0.269ms
	PostProcessAllAssets: 14.095ms
		MonoPostProcessAllAssets: 14.092ms
			InputActionJsonNameModifierAssetProcessor.OnPostprocessAllAssets 14.359ms
			AssetPostprocessor.OnPostprocessAllAssets 13.664ms
			TextAssetPostProcessor.OnPostprocessAllAssets 8.874ms
			AssetChangedListener.OnPostprocessAllAssets 6.604ms
			BuilderAssetPostprocessor.OnPostprocessAllAssets 4.070ms
			WindowAssetPostprocessingWatcher.OnPostprocessAllAssets 3.921ms
			SyncVS.PostprocessSyncProject 2.086ms
			RetainedModeAssetPostprocessor.OnPostprocessAllAssets 1.179ms
			SpeedTree9Postprocessor.OnPostprocessAllAssets 0.594ms
			ProjectSettingsPostprocessor.OnPostprocessAllAssets 0.533ms
			UVCSAssetPostprocessor.OnPostprocessAllAssets 0.383ms
			ArtifactBrowserPostProcessor.OnPostprocessAllAssets 0.375ms
			StyleCatalogPostProcessor.OnPostprocessAllAssets 0.248ms
			AudioMixerPostprocessor.OnPostprocessAllAssets 0.231ms
			TMPro_TexturePostProcessor.OnPostprocessAllAssets 0.215ms
			EditModeScopePostprocessor.OnPostprocessAllAssets 0.213ms
			InputActionAssetPostprocessor.OnPostprocessAllAssets 0.198ms
			ReferencedClipsPostProcessor.OnPostprocessAllAssets 0.181ms
			SpeedTreePostProcessor.OnPostprocessAllAssets 0.180ms
			SamplePostprocessor.OnPostprocessAllAssets 0.172ms
			ThemePostprocessor.OnPostprocessAllAssets 0.169ms
			AssetEvents.OnPostprocessAllAssets 0.151ms
			AssetDatabaseCallbacks.OnPostprocessAllAssets 0.111ms
			TerrainToolbarOverlayPostProcessor.OnPostprocessAllAssets 0.104ms
			ConfigAssetsTracker.OnPostprocessAllAssets 0.099ms
			ScenarioDriftAssetsTracker.OnPostprocessAllAssets 0.099ms
			AssetReloadNotifier.OnPostprocessAllAssets 0.085ms
			AudioContainerPostProcessor.OnPostprocessAllAssets 0.061ms
			RenderPipelineGlobalSettingsPostprocessor.OnPostprocessAllAssets 0.059ms
	GatherAllCurrentPrimaryImportResultRevisions: 0.098ms
	GenerateScriptTypeHashes: 0.465ms
	GenerateScriptTypeSerializationHashes: 0.988ms
	Untracked: 1273.796ms

Loaded scene 'Temp/__Backupscenes/0.backup'
	Deserialize:            0.956 ms
	Integration:            228.946 ms
	Integration of assets:  0.001 ms
	Thread Wait Time:       0.012 ms
	Total Operation Time:   229.915 ms
[Licensing::Client] Successfully resolved entitlement details
[Licensing::Client] Successfully resolved entitlement details
Unloading 2 Unused Serialized files (Serialized files now loaded: 0)
Loaded scene 'Temp/__Backupscenes/0.backup'
	Deserialize:            0.785 ms
	Integration:            11.828 ms
	Integration of assets:  0.001 ms
	Thread Wait Time:       0.010 ms
	Total Operation Time:   12.624 ms
Unloading 14 unused Assets / (458.9 KB). Loaded Objects now: 6569.
Memory consumption went from 0.55 GB to 0.55 GB.
Total: 13.942100 ms (FindLiveObjects: 0.566200 ms CreateObjectMapping: 0.083200 ms MarkObjects: 13.100800 ms  DeleteObjects: 0.028200 ms)

Asset Pipeline Refresh (id=124a9a9dbafe56e41a2e21c9f2151aaf): Total: 0.031 seconds - Initiated by RefreshV2(AllowForceSynchronousImport)
Reloading assemblies for play mode.
Reloading assemblies after forced synchronous recompile.
[Licensing::Client] Successfully resolved entitlement details
Begin MonoManager ReloadAssembly
Refreshing native plugins compatible for Editor in 27.59 ms, found 4 plugins.
[Licensing::Client] Successfully resolved entitlement details
Native extension for Android target not found
Native extension for WindowsStandalone target not found
ScheduleIndexationOnStartup MainProcess:True IndexOnStartup:True
[MODES] ModeService[none].Initialize
[MODES] ModeService[none].LoadModes
Scripting: successfully reloaded assembly
- Finished resetting the current domain, in  1.396 seconds
Domain Reload Profiling: 2628ms
	BeginReloadAssembly (771ms)
		DisableScriptedObjects (147ms)
		CreateAndSetChildDomain (200ms)
	RebuildCommonClasses (7ms)
	RebuildNativeTypeToScriptingClass (11ms)
	initialDomainReloadingComplete (129ms)
	LoadAllAssembliesAndSetupDomain (313ms)
		LoadAssemblies (571ms)
		TypeCache.Refresh (6ms)
		AnalyzeDomain (4ms)
	FinalizeReload (1396ms)
		SetupLoadedEditorAssemblies (0ms)
			InitializePlatformSupportModulesInManaged (16ms)
			BeforeProcessingInitializeOnLoad (74ms)
			ProcessInitializeOnLoadAttributes (270ms)
			ProcessInitializeOnLoadMethodAttributes (27ms)
			AfterProcessingInitializeOnLoad (6ms)
		AwakeInstancesAfterBackupRestoration (582ms)

Asset Pipeline Refresh (id=c7e4217f357f36f4a8bdb74be53f1d55): Total: 3.050 seconds - Initiated by StopAssetImportingV2(ForceSynchronousImport | ForceDomainReload)
	(Values over 0.05ms)
	Summary:
		Imports: total=0 (actual=0, local cache=0, cache server=0)
		Asset DB Process Time: managed=0 ms, native=1558 ms
		Asset DB Callback time: managed=14 ms, native=6 ms
		Scripting: domain reloads=1, domain reload time=1465 ms, compile time=5 ms, other=0 ms
		Project Asset Count: scripts=836, non-scripts=940
		Asset File Changes: new=0, changed=0, moved=0, deleted=0
		Scan Filter Count: 0
	InvokePackagesCallback: 18.004ms
	ApplyChangesToAssetFolders: 0.172ms
	Collect global state as custom dependencies: 6.893ms
	ProcessAssetsWithTransientArtifactChanges: 0.121ms
	CategorizeAssets: 7.897ms
	CompileScripts: 4.779ms
	ImportOutOfDateAssets: 1431.355ms (1430.373ms without children)
		UnloadImportedAssets: 0.507ms
		EnsureUptoDateAssetsAreRegisteredWithGuidPM: 0.205ms
		ImportSchedulerStart: 0.251ms
	PostProcessAllAssets: 14.598ms
		MonoPostProcessAllAssets: 14.595ms
			InputActionJsonNameModifierAssetProcessor.OnPostprocessAllAssets 14.359ms
			AssetPostprocessor.OnPostprocessAllAssets 13.664ms
			TextAssetPostProcessor.OnPostprocessAllAssets 8.874ms
			AssetChangedListener.OnPostprocessAllAssets 6.604ms
			BuilderAssetPostprocessor.OnPostprocessAllAssets 4.070ms
			WindowAssetPostprocessingWatcher.OnPostprocessAllAssets 3.991ms
			SyncVS.PostprocessSyncProject 2.172ms
			RetainedModeAssetPostprocessor.OnPostprocessAllAssets 1.179ms
			SpeedTree9Postprocessor.OnPostprocessAllAssets 0.576ms
			ProjectSettingsPostprocessor.OnPostprocessAllAssets 0.546ms
			UVCSAssetPostprocessor.OnPostprocessAllAssets 0.383ms
			ArtifactBrowserPostProcessor.OnPostprocessAllAssets 0.375ms
			StyleCatalogPostProcessor.OnPostprocessAllAssets 0.248ms
			AudioMixerPostprocessor.OnPostprocessAllAssets 0.231ms
			TMPro_TexturePostProcessor.OnPostprocessAllAssets 0.215ms
			EditModeScopePostprocessor.OnPostprocessAllAssets 0.212ms
			InputActionAssetPostprocessor.OnPostprocessAllAssets 0.203ms
			ReferencedClipsPostProcessor.OnPostprocessAllAssets 0.188ms
			SpeedTreePostProcessor.OnPostprocessAllAssets 0.180ms
			SamplePostprocessor.OnPostprocessAllAssets 0.172ms
			ThemePostprocessor.OnPostprocessAllAssets 0.169ms
			AssetEvents.OnPostprocessAllAssets 0.151ms
			AssetDatabaseCallbacks.OnPostprocessAllAssets 0.120ms
			TerrainToolbarOverlayPostProcessor.OnPostprocessAllAssets 0.108ms
			ConfigAssetsTracker.OnPostprocessAllAssets 0.099ms
			ScenarioDriftAssetsTracker.OnPostprocessAllAssets 0.099ms
			AssetReloadNotifier.OnPostprocessAllAssets 0.085ms
			AudioContainerPostProcessor.OnPostprocessAllAssets 0.061ms
			RenderPipelineGlobalSettingsPostprocessor.OnPostprocessAllAssets 0.059ms
	GatherAllCurrentPrimaryImportResultRevisions: 0.141ms
	UnloadStreamsBegin: 1.152ms
	GenerateScriptTypeHashes: 0.495ms
	GenerateScriptTypeSerializationHashes: 1.055ms
	Untracked: 1531.971ms

Loaded scene 'Temp/__Backupscenes/0.backup'
	Deserialize:            0.919 ms
	Integration:            218.991 ms
	Integration of assets:  0.002 ms
	Thread Wait Time:       0.007 ms
	Total Operation Time:   219.919 ms
[Licensing::Client] Successfully resolved entitlement details
[Licensing::Client] Successfully resolved entitlement details
Unloading 2 Unused Serialized files (Serialized files now loaded: 0)
Loaded scene 'Temp/__Backupscenes/0.backup'
	Deserialize:            0.810 ms
	Integration:            13.180 ms
	Integration of assets:  0.001 ms
	Thread Wait Time:       0.008 ms
	Total Operation Time:   13.999 ms
Unloading 29 unused Assets / (31.0 MB). Loaded Objects now: 6584.
Memory consumption went from 0.59 GB to 0.56 GB.
Total: 23.579100 ms (FindLiveObjects: 0.595400 ms CreateObjectMapping: 0.096400 ms MarkObjects: 22.055000 ms  DeleteObjects: 0.654500 ms)

[Licensing::Client] Successfully resolved entitlement details
Reloading assemblies for play mode.
Reloading assemblies after forced synchronous recompile.
Begin MonoManager ReloadAssembly
Refreshing native plugins compatible for Editor in 4.59 ms, found 4 plugins.
Native extension for Android target not found
Native extension for WindowsStandalone target not found
ScheduleIndexationOnStartup MainProcess:True IndexOnStartup:True
[MODES] ModeService[none].Initialize
[MODES] ModeService[none].LoadModes
Scripting: successfully reloaded assembly
- Finished resetting the current domain, in  1.332 seconds
Domain Reload Profiling: 2461ms
	BeginReloadAssembly (748ms)
		DisableScriptedObjects (121ms)
		CreateAndSetChildDomain (192ms)
	RebuildCommonClasses (8ms)
	RebuildNativeTypeToScriptingClass (12ms)
	initialDomainReloadingComplete (141ms)
	LoadAllAssembliesAndSetupDomain (220ms)
		LoadAssemblies (483ms)
		TypeCache.Refresh (7ms)
		AnalyzeDomain (4ms)
	FinalizeReload (1333ms)
		SetupLoadedEditorAssemblies (0ms)
			InitializePlatformSupportModulesInManaged (17ms)
			BeforeProcessingInitializeOnLoad (80ms)
			ProcessInitializeOnLoadAttributes (250ms)
			ProcessInitializeOnLoadMethodAttributes (28ms)
			AfterProcessingInitializeOnLoad (6ms)
		AwakeInstancesAfterBackupRestoration (598ms)

Asset Pipeline Refresh (id=2848d9705d8c13244ba33cd8f62c3691): Total: 2.694 seconds - Initiated by StopAssetImportingV2(ForceSynchronousImport | ForceDomainReload)
	(Values over 0.05ms)
	Summary:
		Imports: total=0 (actual=0, local cache=0, cache server=0)
		Asset DB Process Time: managed=0 ms, native=1430 ms
		Asset DB Callback time: managed=14 ms, native=1 ms
		Scripting: domain reloads=1, domain reload time=1241 ms, compile time=6 ms, other=0 ms
		Project Asset Count: scripts=836, non-scripts=940
		Asset File Changes: new=0, changed=0, moved=0, deleted=0
		Scan Filter Count: 0
	InvokePackagesCallback: 8.931ms
	ApplyChangesToAssetFolders: 0.174ms
	Collect global state as custom dependencies: 4.019ms
	ProcessAssetsWithTransientArtifactChanges: 0.086ms
	CategorizeAssets: 8.124ms
	CompileScripts: 5.606ms
	ImportOutOfDateAssets: 1345.045ms (1344.122ms without children)
		UnloadImportedAssets: 0.453ms
		EnsureUptoDateAssetsAreRegisteredWithGuidPM: 0.207ms
		ImportSchedulerStart: 0.244ms
	PostProcessAllAssets: 14.534ms
		MonoPostProcessAllAssets: 14.531ms
			InputActionJsonNameModifierAssetProcessor.OnPostprocessAllAssets 14.359ms
			AssetPostprocessor.OnPostprocessAllAssets 13.664ms
			TextAssetPostProcessor.OnPostprocessAllAssets 8.874ms
			AssetChangedListener.OnPostprocessAllAssets 6.604ms
			BuilderAssetPostprocessor.OnPostprocessAllAssets 4.070ms
			WindowAssetPostprocessingWatcher.OnPostprocessAllAssets 3.973ms
			SyncVS.PostprocessSyncProject 2.211ms
			RetainedModeAssetPostprocessor.OnPostprocessAllAssets 1.179ms
			SpeedTree9Postprocessor.OnPostprocessAllAssets 0.560ms
			ProjectSettingsPostprocessor.OnPostprocessAllAssets 0.545ms
			UVCSAssetPostprocessor.OnPostprocessAllAssets 0.383ms
			ArtifactBrowserPostProcessor.OnPostprocessAllAssets 0.375ms
			StyleCatalogPostProcessor.OnPostprocessAllAssets 0.248ms
			AudioMixerPostprocessor.OnPostprocessAllAssets 0.231ms
			TMPro_TexturePostProcessor.OnPostprocessAllAssets 0.215ms
			EditModeScopePostprocessor.OnPostprocessAllAssets 0.207ms
			InputActionAssetPostprocessor.OnPostprocessAllAssets 0.204ms
			ReferencedClipsPostProcessor.OnPostprocessAllAssets 0.185ms
			SpeedTreePostProcessor.OnPostprocessAllAssets 0.180ms
			SamplePostprocessor.OnPostprocessAllAssets 0.172ms
			ThemePostprocessor.OnPostprocessAllAssets 0.169ms
			AssetEvents.OnPostprocessAllAssets 0.151ms
			TerrainToolbarOverlayPostProcessor.OnPostprocessAllAssets 0.114ms
			AssetDatabaseCallbacks.OnPostprocessAllAssets 0.108ms
			ConfigAssetsTracker.OnPostprocessAllAssets 0.099ms
			ScenarioDriftAssetsTracker.OnPostprocessAllAssets 0.099ms
			AssetReloadNotifier.OnPostprocessAllAssets 0.085ms
			AudioContainerPostProcessor.OnPostprocessAllAssets 0.061ms
			RenderPipelineGlobalSettingsPostprocessor.OnPostprocessAllAssets 0.057ms
	GatherAllCurrentPrimaryImportResultRevisions: 0.101ms
	GenerateScriptTypeHashes: 0.498ms
	GenerateScriptTypeSerializationHashes: 1.079ms
	Untracked: 1272.361ms

Loaded scene 'Temp/__Backupscenes/0.backup'
	Deserialize:            0.941 ms
	Integration:            232.567 ms
	Integration of assets:  0.001 ms
	Thread Wait Time:       0.010 ms
	Total Operation Time:   233.518 ms
[Licensing::Client] Successfully resolved entitlement details
[Licensing::Client] Successfully resolved entitlement details
Unloading 2 Unused Serialized files (Serialized files now loaded: 0)
Loaded scene 'Temp/__Backupscenes/0.backup'
	Deserialize:            0.809 ms
	Integration:            13.359 ms
	Integration of assets:  0.001 ms
	Thread Wait Time:       0.009 ms
	Total Operation Time:   14.177 ms
Unloading 14 unused Assets / (0.6 MB). Loaded Objects now: 6595.
Memory consumption went from 0.57 GB to 0.57 GB.
Total: 14.445300 ms (FindLiveObjects: 0.580000 ms CreateObjectMapping: 0.096400 ms MarkObjects: 13.563900 ms  DeleteObjects: 0.032100 ms)

Reloading assemblies for play mode.
Reloading assemblies after forced synchronous recompile.
Begin MonoManager ReloadAssembly
Refreshing native plugins compatible for Editor in 5.84 ms, found 4 plugins.
Native extension for Android target not found
Native extension for WindowsStandalone target not found
ScheduleIndexationOnStartup MainProcess:True IndexOnStartup:True
[MODES] ModeService[none].Initialize
[MODES] ModeService[none].LoadModes
Scripting: successfully reloaded assembly
- Finished resetting the current domain, in  1.350 seconds
Domain Reload Profiling: 2462ms
	BeginReloadAssembly (733ms)
		DisableScriptedObjects (123ms)
		CreateAndSetChildDomain (196ms)
	RebuildCommonClasses (8ms)
	RebuildNativeTypeToScriptingClass (11ms)
	initialDomainReloadingComplete (129ms)
	LoadAllAssembliesAndSetupDomain (230ms)
		LoadAssemblies (453ms)
		TypeCache.Refresh (6ms)
		AnalyzeDomain (9ms)
			ResolveRequiredComponents (3ms)
	FinalizeReload (1351ms)
		SetupLoadedEditorAssemblies (0ms)
			InitializePlatformSupportModulesInManaged (13ms)
			BeforeProcessingInitializeOnLoad (76ms)
			ProcessInitializeOnLoadAttributes (258ms)
			ProcessInitializeOnLoadMethodAttributes (29ms)
			AfterProcessingInitializeOnLoad (8ms)
		AwakeInstancesAfterBackupRestoration (604ms)

Asset Pipeline Refresh (id=511afcc07eba21f4dabc8640caabddb8): Total: 2.808 seconds - Initiated by StopAssetImportingV2(ForceSynchronousImport | ForceDomainReload)
	(Values over 0.05ms)
	Summary:
		Imports: total=0 (actual=0, local cache=0, cache server=0)
		Asset DB Process Time: managed=0 ms, native=1459 ms
		Asset DB Callback time: managed=15 ms, native=1 ms
		Scripting: domain reloads=1, domain reload time=1327 ms, compile time=5 ms, other=0 ms
		Project Asset Count: scripts=836, non-scripts=940
		Asset File Changes: new=0, changed=0, moved=0, deleted=0
		Scan Filter Count: 0
	InvokePackagesCallback: 10.528ms
	ApplyChangesToAssetFolders: 0.173ms
	Collect global state as custom dependencies: 5.309ms
	ProcessAssetsWithTransientArtifactChanges: 0.091ms
	CategorizeAssets: 8.424ms
	CompileScripts: 4.721ms
	ImportOutOfDateAssets: 1365.176ms (1364.126ms without children)
		UnloadImportedAssets: 0.550ms
		EnsureUptoDateAssetsAreRegisteredWithGuidPM: 0.220ms
		ImportSchedulerStart: 0.259ms
	PostProcessAllAssets: 15.418ms
		MonoPostProcessAllAssets: 15.414ms
			InputActionJsonNameModifierAssetProcessor.OnPostprocessAllAssets 14.359ms
			AssetPostprocessor.OnPostprocessAllAssets 13.664ms
			TextAssetPostProcessor.OnPostprocessAllAssets 8.874ms
			AssetChangedListener.OnPostprocessAllAssets 6.604ms
			WindowAssetPostprocessingWatcher.OnPostprocessAllAssets 4.242ms
			BuilderAssetPostprocessor.OnPostprocessAllAssets 4.070ms
			SyncVS.PostprocessSyncProject 2.268ms
			RetainedModeAssetPostprocessor.OnPostprocessAllAssets 1.179ms
			ProjectSettingsPostprocessor.OnPostprocessAllAssets 0.579ms
			SpeedTree9Postprocessor.OnPostprocessAllAssets 0.573ms
			UVCSAssetPostprocessor.OnPostprocessAllAssets 0.383ms
			ArtifactBrowserPostProcessor.OnPostprocessAllAssets 0.375ms
			StyleCatalogPostProcessor.OnPostprocessAllAssets 0.248ms
			AudioMixerPostprocessor.OnPostprocessAllAssets 0.231ms
			EditModeScopePostprocessor.OnPostprocessAllAssets 0.229ms
			TMPro_TexturePostProcessor.OnPostprocessAllAssets 0.215ms
			InputActionAssetPostprocessor.OnPostprocessAllAssets 0.200ms
			ReferencedClipsPostProcessor.OnPostprocessAllAssets 0.197ms
			SpeedTreePostProcessor.OnPostprocessAllAssets 0.180ms
			SamplePostprocessor.OnPostprocessAllAssets 0.172ms
			ThemePostprocessor.OnPostprocessAllAssets 0.169ms
			AssetEvents.OnPostprocessAllAssets 0.151ms
			AssetDatabaseCallbacks.OnPostprocessAllAssets 0.114ms
			TerrainToolbarOverlayPostProcessor.OnPostprocessAllAssets 0.108ms
			ConfigAssetsTracker.OnPostprocessAllAssets 0.099ms
			ScenarioDriftAssetsTracker.OnPostprocessAllAssets 0.099ms
			AssetReloadNotifier.OnPostprocessAllAssets 0.085ms
			RenderPipelineGlobalSettingsPostprocessor.OnPostprocessAllAssets 0.067ms
			AudioContainerPostProcessor.OnPostprocessAllAssets 0.061ms
	GatherAllCurrentPrimaryImportResultRevisions: 0.130ms
	GenerateScriptTypeHashes: 0.464ms
	GenerateScriptTypeSerializationHashes: 1.015ms
	Untracked: 1364.172ms

Loaded scene 'Temp/__Backupscenes/0.backup'
	Deserialize:            0.940 ms
	Integration:            222.866 ms
	Integration of assets:  0.001 ms
	Thread Wait Time:       0.011 ms
	Total Operation Time:   223.818 ms
[Licensing::Client] Successfully resolved entitlement details
[Licensing::Client] Successfully resolved entitlement details
Unloading 2 Unused Serialized files (Serialized files now loaded: 0)
Loaded scene 'Temp/__Backupscenes/0.backup'
	Deserialize:            0.826 ms
	Integration:            14.755 ms
	Integration of assets:  0.001 ms
	Thread Wait Time:       0.011 ms
	Total Operation Time:   15.593 ms
Unloading 14 unused Assets / (1.1 MB). Loaded Objects now: 6598.
Memory consumption went from 0.58 GB to 0.58 GB.
Total: 14.173400 ms (FindLiveObjects: 0.596800 ms CreateObjectMapping: 0.098500 ms MarkObjects: 13.280100 ms  DeleteObjects: 0.029300 ms)

Reloading assemblies for play mode.
Reloading assemblies after forced synchronous recompile.
[Licensing::Client] Successfully resolved entitlement details
Begin MonoManager ReloadAssembly
Refreshing native plugins compatible for Editor in 7.96 ms, found 4 plugins.
[Licensing::Client] Successfully resolved entitlement details
Native extension for Android target not found
Native extension for WindowsStandalone target not found
ScheduleIndexationOnStartup MainProcess:True IndexOnStartup:True
[MODES] ModeService[none].Initialize
[MODES] ModeService[none].LoadModes
Scripting: successfully reloaded assembly
- Finished resetting the current domain, in  1.368 seconds
Domain Reload Profiling: 2551ms
	BeginReloadAssembly (791ms)
		DisableScriptedObjects (162ms)
		CreateAndSetChildDomain (195ms)
	RebuildCommonClasses (8ms)
	RebuildNativeTypeToScriptingClass (12ms)
	initialDomainReloadingComplete (136ms)
	LoadAllAssembliesAndSetupDomain (236ms)
		LoadAssemblies (493ms)
		TypeCache.Refresh (8ms)
		AnalyzeDomain (4ms)
	FinalizeReload (1368ms)
		SetupLoadedEditorAssemblies (0ms)
			InitializePlatformSupportModulesInManaged (14ms)
			BeforeProcessingInitializeOnLoad (79ms)
			ProcessInitializeOnLoadAttributes (260ms)
			ProcessInitializeOnLoadMethodAttributes (27ms)
			AfterProcessingInitializeOnLoad (6ms)
		AwakeInstancesAfterBackupRestoration (589ms)

Asset Pipeline Refresh (id=0acfb18cc2537bf45a1548fb85114376): Total: 2.901 seconds - Initiated by StopAssetImportingV2(ForceSynchronousImport | ForceDomainReload)
	(Values over 0.05ms)
	Summary:
		Imports: total=0 (actual=0, local cache=0, cache server=0)
		Asset DB Process Time: managed=0 ms, native=1490 ms
		Asset DB Callback time: managed=15 ms, native=2 ms
		Scripting: domain reloads=1, domain reload time=1387 ms, compile time=5 ms, other=0 ms
		Project Asset Count: scripts=836, non-scripts=940
		Asset File Changes: new=0, changed=0, moved=0, deleted=0
		Scan Filter Count: 0
	InvokePackagesCallback: 9.193ms
	ApplyChangesToAssetFolders: 0.191ms
	Collect global state as custom dependencies: 4.195ms
	ProcessAssetsWithTransientArtifactChanges: 0.102ms
	CategorizeAssets: 9.691ms
	CompileScripts: 5.106ms
	ImportOutOfDateAssets: 1383.959ms (1383.049ms without children)
		UnloadImportedAssets: 0.453ms
		EnsureUptoDateAssetsAreRegisteredWithGuidPM: 0.203ms
		ImportSchedulerStart: 0.236ms
	PostProcessAllAssets: 15.075ms
		MonoPostProcessAllAssets: 15.073ms
			InputActionJsonNameModifierAssetProcessor.OnPostprocessAllAssets 14.359ms
			AssetPostprocessor.OnPostprocessAllAssets 13.664ms
			TextAssetPostProcessor.OnPostprocessAllAssets 8.874ms
			AssetChangedListener.OnPostprocessAllAssets 6.604ms
			WindowAssetPostprocessingWatcher.OnPostprocessAllAssets 4.143ms
			BuilderAssetPostprocessor.OnPostprocessAllAssets 4.070ms
			SyncVS.PostprocessSyncProject 2.192ms
			RetainedModeAssetPostprocessor.OnPostprocessAllAssets 1.179ms
			SpeedTree9Postprocessor.OnPostprocessAllAssets 0.568ms
			ProjectSettingsPostprocessor.OnPostprocessAllAssets 0.551ms
			UVCSAssetPostprocessor.OnPostprocessAllAssets 0.383ms
			ArtifactBrowserPostProcessor.OnPostprocessAllAssets 0.375ms
			StyleCatalogPostProcessor.OnPostprocessAllAssets 0.248ms
			EditModeScopePostprocessor.OnPostprocessAllAssets 0.243ms
			AudioMixerPostprocessor.OnPostprocessAllAssets 0.231ms
			TMPro_TexturePostProcessor.OnPostprocessAllAssets 0.215ms
			InputActionAssetPostprocessor.OnPostprocessAllAssets 0.208ms
			ReferencedClipsPostProcessor.OnPostprocessAllAssets 0.201ms
			SpeedTreePostProcessor.OnPostprocessAllAssets 0.180ms
			SamplePostprocessor.OnPostprocessAllAssets 0.172ms
			ThemePostprocessor.OnPostprocessAllAssets 0.169ms
			AssetEvents.OnPostprocessAllAssets 0.151ms
			TerrainToolbarOverlayPostProcessor.OnPostprocessAllAssets 0.111ms
			AssetDatabaseCallbacks.OnPostprocessAllAssets 0.111ms
			ConfigAssetsTracker.OnPostprocessAllAssets 0.099ms
			ScenarioDriftAssetsTracker.OnPostprocessAllAssets 0.099ms
			AssetReloadNotifier.OnPostprocessAllAssets 0.085ms
			AudioContainerPostProcessor.OnPostprocessAllAssets 0.061ms
			RenderPipelineGlobalSettingsPostprocessor.OnPostprocessAllAssets 0.061ms
	GatherAllCurrentPrimaryImportResultRevisions: 0.077ms
	GenerateScriptTypeHashes: 0.513ms
	GenerateScriptTypeSerializationHashes: 1.071ms
	Untracked: 1431.956ms

Loaded scene 'Temp/__Backupscenes/0.backup'
	Deserialize:            0.953 ms
	Integration:            257.588 ms
	Integration of assets:  0.001 ms
	Thread Wait Time:       0.009 ms
	Total Operation Time:   258.551 ms
[Licensing::Client] Successfully resolved entitlement details
[Licensing::Client] Successfully resolved entitlement details
Unloading 2 Unused Serialized files (Serialized files now loaded: 0)
Loaded scene 'Temp/__Backupscenes/0.backup'
	Deserialize:            0.871 ms
	Integration:            13.469 ms
	Integration of assets:  0.001 ms
	Thread Wait Time:       -0.000 ms
	Total Operation Time:   14.341 ms
Unloading 14 unused Assets / (437.5 KB). Loaded Objects now: 6591.
Memory consumption went from 0.59 GB to 0.58 GB.
Total: 16.475000 ms (FindLiveObjects: 0.727100 ms CreateObjectMapping: 0.145100 ms MarkObjects: 15.398400 ms  DeleteObjects: 0.037600 ms)

[Licensing::Client] Successfully resolved entitlement details
Reloading assemblies for play mode.
Reloading assemblies after forced synchronous recompile.
Begin MonoManager ReloadAssembly
Refreshing native plugins compatible for Editor in 5.20 ms, found 4 plugins.
Native extension for Android target not found
Native extension for WindowsStandalone target not found
ScheduleIndexationOnStartup MainProcess:True IndexOnStartup:True
[MODES] ModeService[none].Initialize
[MODES] ModeService[none].LoadModes
Scripting: successfully reloaded assembly
- Finished resetting the current domain, in  1.398 seconds
Domain Reload Profiling: 2574ms
	BeginReloadAssembly (800ms)
		DisableScriptedObjects (146ms)
		CreateAndSetChildDomain (215ms)
	RebuildCommonClasses (8ms)
	RebuildNativeTypeToScriptingClass (17ms)
	initialDomainReloadingComplete (148ms)
	LoadAllAssembliesAndSetupDomain (201ms)
		LoadAssemblies (457ms)
		TypeCache.Refresh (6ms)
		AnalyzeDomain (4ms)
	FinalizeReload (1399ms)
		SetupLoadedEditorAssemblies (0ms)
			InitializePlatformSupportModulesInManaged (13ms)
			BeforeProcessingInitializeOnLoad (75ms)
			ProcessInitializeOnLoadAttributes (254ms)
			ProcessInitializeOnLoadMethodAttributes (29ms)
			AfterProcessingInitializeOnLoad (6ms)
		AwakeInstancesAfterBackupRestoration (633ms)

Asset Pipeline Refresh (id=35de1f32f21c07b4ca18e5bf6d97f6b3): Total: 2.813 seconds - Initiated by StopAssetImportingV2(ForceSynchronousImport | ForceDomainReload)
	(Values over 0.05ms)
	Summary:
		Imports: total=0 (actual=0, local cache=0, cache server=0)
		Asset DB Process Time: managed=0 ms, native=1501 ms
		Asset DB Callback time: managed=14 ms, native=1 ms
		Scripting: domain reloads=1, domain reload time=1290 ms, compile time=5 ms, other=0 ms
		Project Asset Count: scripts=836, non-scripts=940
		Asset File Changes: new=0, changed=0, moved=0, deleted=0
		Scan Filter Count: 0
	InvokePackagesCallback: 8.168ms
	ApplyChangesToAssetFolders: 0.188ms
	Collect global state as custom dependencies: 4.606ms
	ProcessAssetsWithTransientArtifactChanges: 0.089ms
	CategorizeAssets: 8.708ms
	CompileScripts: 5.237ms
	ImportOutOfDateAssets: 1412.653ms (1411.721ms without children)
		UnloadImportedAssets: 0.459ms
		EnsureUptoDateAssetsAreRegisteredWithGuidPM: 0.222ms
		ImportSchedulerStart: 0.233ms
	PostProcessAllAssets: 14.664ms
		MonoPostProcessAllAssets: 14.661ms
			InputActionJsonNameModifierAssetProcessor.OnPostprocessAllAssets 14.359ms
			AssetPostprocessor.OnPostprocessAllAssets 13.664ms
			TextAssetPostProcessor.OnPostprocessAllAssets 8.874ms
			AssetChangedListener.OnPostprocessAllAssets 6.604ms
			BuilderAssetPostprocessor.OnPostprocessAllAssets 4.070ms
			WindowAssetPostprocessingWatcher.OnPostprocessAllAssets 3.991ms
			SyncVS.PostprocessSyncProject 2.176ms
			RetainedModeAssetPostprocessor.OnPostprocessAllAssets 1.179ms
			SpeedTree9Postprocessor.OnPostprocessAllAssets 0.577ms
			ProjectSettingsPostprocessor.OnPostprocessAllAssets 0.549ms
			UVCSAssetPostprocessor.OnPostprocessAllAssets 0.383ms
			ArtifactBrowserPostProcessor.OnPostprocessAllAssets 0.375ms
			StyleCatalogPostProcessor.OnPostprocessAllAssets 0.248ms
			AudioMixerPostprocessor.OnPostprocessAllAssets 0.231ms
			TMPro_TexturePostProcessor.OnPostprocessAllAssets 0.215ms
			EditModeScopePostprocessor.OnPostprocessAllAssets 0.208ms
			InputActionAssetPostprocessor.OnPostprocessAllAssets 0.198ms
			ReferencedClipsPostProcessor.OnPostprocessAllAssets 0.186ms
			SpeedTreePostProcessor.OnPostprocessAllAssets 0.180ms
			SamplePostprocessor.OnPostprocessAllAssets 0.172ms
			ThemePostprocessor.OnPostprocessAllAssets 0.169ms
			AssetEvents.OnPostprocessAllAssets 0.151ms
			AssetDatabaseCallbacks.OnPostprocessAllAssets 0.112ms
			TerrainToolbarOverlayPostProcessor.OnPostprocessAllAssets 0.107ms
			ConfigAssetsTracker.OnPostprocessAllAssets 0.099ms
			ScenarioDriftAssetsTracker.OnPostprocessAllAssets 0.099ms
			AssetReloadNotifier.OnPostprocessAllAssets 0.085ms
			AudioContainerPostProcessor.OnPostprocessAllAssets 0.061ms
			RenderPipelineGlobalSettingsPostprocessor.OnPostprocessAllAssets 0.058ms
	GatherAllCurrentPrimaryImportResultRevisions: 0.103ms
	GenerateScriptTypeHashes: 0.505ms
	GenerateScriptTypeSerializationHashes: 1.065ms
	Untracked: 1319.114ms

Loaded scene 'Temp/__Backupscenes/0.backup'
	Deserialize:            0.886 ms
	Integration:            220.016 ms
	Integration of assets:  0.001 ms
	Thread Wait Time:       0.011 ms
	Total Operation Time:   220.914 ms
[Licensing::Client] Successfully resolved entitlement details
[Licensing::Client] Successfully resolved entitlement details
Unloading 2 Unused Serialized files (Serialized files now loaded: 0)
Loaded scene 'Temp/__Backupscenes/0.backup'
	Deserialize:            0.812 ms
	Integration:            12.130 ms
	Integration of assets:  0.001 ms
	Thread Wait Time:       0.019 ms
	Total Operation Time:   12.963 ms
Unloading 14 unused Assets / (437.8 KB). Loaded Objects now: 6594.
Memory consumption went from 0.59 GB to 0.59 GB.
Total: 14.498500 ms (FindLiveObjects: 0.588900 ms CreateObjectMapping: 0.073100 ms MarkObjects: 13.633700 ms  DeleteObjects: 0.031400 ms)

Asset Pipeline Refresh (id=89499a62e1aa468419ad19467f9f9c56): Total: 0.043 seconds - Initiated by RefreshV2(AllowForceSynchronousImport)
[ScriptCompilation] Requested script compilation because: AssetDatabase observed changes in script compilation related files
[Licensing::Client] Successfully resolved entitlement details
Refreshing native plugins compatible for Editor in 3.81 ms, found 4 plugins.

Asset Pipeline Refresh (id=5ca4a9e90f2abd645a81d777d4a5a476): Total: 0.363 seconds - Initiated by StopAssetImportingV2(NoUpdateAssetOptions)
	(Values over 0.05ms)
	Summary:
		Imports: total=0 (actual=0, local cache=0, cache server=0)
		Asset DB Process Time: managed=0 ms, native=126 ms
		Asset DB Callback time: managed=203 ms, native=32 ms
		Scripting: domain reloads=0, domain reload time=0 ms, compile time=1 ms, other=0 ms
		Project Asset Count: scripts=836, non-scripts=940
		Asset File Changes: new=1, changed=1, moved=0, deleted=0
		Scan Filter Count: 3
	ApplyChangesToAssetFolders: 0.065ms
	Scan: 93.459ms
	Collect global state as custom dependencies: 1.437ms
	OnSourceAssetsModified: 0.898ms
	ProcessAssetsWithTransientArtifactChanges: 2.106ms
	CategorizeAssets: 1.179ms
	CompileScripts: 0.515ms
	ImportOutOfDateAssets: 1.333ms (0.097ms without children)
		UnloadImportedAssets: 0.745ms
		EnsureUptoDateAssetsAreRegisteredWithGuidPM: 0.160ms
		ImportSchedulerStart: 0.312ms
	PostProcessAllAssets: 227.978ms
		XRBuildSystem.XRAssetImported 27.835ms
		MonoPostProcessAllAssets: 199.513ms
			SyncVS.PostprocessSyncProject 185.588ms
			BuilderAssetPostprocessor.OnPostprocessAllAssets 4.357ms
			AssetPostprocessor.OnPostprocessAllAssets 4.275ms
			RetainedModeAssetPostprocessor.OnPostprocessAllAssets 0.862ms
			TMPro_TexturePostProcessor.OnPostprocessAllAssets 0.532ms
			ConfigAssetsTracker.OnPostprocessAllAssets 0.514ms
			UVCSAssetPostprocessor.OnPostprocessAllAssets 0.484ms
			ArtifactBrowserPostProcessor.OnPostprocessAllAssets 0.427ms
			TextAssetPostProcessor.OnPostprocessAllAssets 0.266ms
			AudioMixerPostprocessor.OnPostprocessAllAssets 0.250ms
			AssetChangedListener.OnPostprocessAllAssets 0.221ms
			InputActionJsonNameModifierAssetProcessor.OnPostprocessAllAssets 0.201ms
			StyleCatalogPostProcessor.OnPostprocessAllAssets 0.173ms
			AssetEvents.OnPostprocessAllAssets 0.146ms
			SpeedTreePostProcessor.OnPostprocessAllAssets 0.139ms
			SamplePostprocessor.OnPostprocessAllAssets 0.113ms
			ScenarioDriftAssetsTracker.OnPostprocessAllAssets 0.107ms
			AssetReloadNotifier.OnPostprocessAllAssets 0.101ms
			ThemePostprocessor.OnPostprocessAllAssets 0.096ms
			AudioContainerPostProcessor.OnPostprocessAllAssets 0.082ms
			InputActionAssetPostprocessor.OnPostprocessAllAssets 0.072ms
	PostAssetChangesProfiler: 7.777ms
	GatherAllCurrentPrimaryImportResultRevisions: 0.067ms
	UnloadStreamsBegin: 1.151ms
	Untracked: 25.129ms

Starting: C:\Program Files\Unity\Hub\Editor\6000.6.3f1\Editor\Data\Tools\BuildPipeline\bee_backend.exe --ipc --defer-dag-verification --dagfile="Library/Bee/1900b0aE.dag" --continue-on-failure --profile="Library/Bee/backend1.traceevents" ScriptAssemblies
WorkingDir: C:/Users/lucas62658716/personagem
Starting new worker id: 1 with log in C:/Users/lucas62658716/personagem/Logs/AssetImportWorkerHW1.log
[Worker0] Imported GUID: 41aade3f241d49f468d8fbb98c1eb1d9 - Path: Assets/Scripts/rotator.cs - Importer: PreviewImporter -> (ImportResultId: '9b5ac8218979febc451341e6dbdf41fe') in 0.0136875 seconds
ExitCode: 4 Duration: 0s343ms
Rebuilding DAG because FileSignature timestamp changed: Library/Bee/1900b0aE-inputdata.json
[380/567    0s] ILPP-Configuration Library/ilpp-configuration.nevergeneratedoutput
*** Tundra requires additional run (0.24 seconds), 1 items updated, 370 evaluated
Starting: C:\Program Files\Unity\Hub\Editor\6000.6.3f1\Editor\Data\DotNetSdk\dotnet.exe "C:\Program Files\Unity\Hub\Editor\6000.6.3f1\Editor\Data\Tools\BuildPipeline\ScriptCompilationBuildProgram.exe" "Library/Bee/1900b0aE.dag.json" "Library/Bee/1900b0aE-inputdata.json" "Library\Bee\buildprogram0.traceevents"
WorkingDir: C:/Users/lucas62658716/personagem
[Worker0] Imported GUID: 41aade3f241d49f468d8fbb98c1eb1d9 - Path: Assets/Scripts/rotator.cs - Importer: ScriptedImporter/UnityEditor.QuickSearchModule:UnityEditor.Search:ASIAI0B -> (ImportResultId: '287fd601f80383e354d8367e08c3207a') in 0.1035296 seconds
ExitCode: 0 Duration: 1s418ms
Starting: C:\Program Files\Unity\Hub\Editor\6000.6.3f1\Editor\Data\Tools\BuildPipeline\bee_backend.exe --ipc --defer-dag-verification --dagfile="Library/Bee/1900b0aE.dag" --continue-on-failure --dagfilejson="Library\Bee\1900b0aE.dag.json" --profile="Library/Bee/backend2.traceevents" ScriptAssemblies
WorkingDir: C:/Users/lucas62658716/personagem
Worker ready: AssetImportWorkerHW1 1
ExitCode: 0 Duration: 4s980ms
Finished compiling graph: 570 nodes, 8864 flattened edges (7940 ToBuild, 74 ToUse), maximum node priority 495
[353/567    0s] WriteText Library/Bee/artifacts/1900b0aE.dag/Assembly-CSharp.rsp
[460/567    0s] ILPP-Configuration Library/ilpp-configuration.nevergeneratedoutput
[563/567    0s] Csc Library/Bee/artifacts/1900b0aE.dag/Assembly-CSharp.dll (+2 others)
[564/567    0s] ILPostProcess Library/Bee/artifacts/1900b0aE.dag/post-processed/Assembly-CSharp.dll (+pdb)
Processing assembly Library/Bee/artifacts/1900b0aE.dag/Assembly-CSharp.dll, with 149 defines and 320 references

processors: zzzUnity.Burst.CodeGen.BurstILPostProcessor

1 processor(s) skipped this assembly
[565/567    0s] CopyFiles Library/ScriptAssemblies/Assembly-CSharp.pdb
[566/567    3s] CopyFiles Library/ScriptAssemblies/Assembly-CSharp.dll
*** Tundra build success (4.85 seconds), 6 items updated, 567 evaluated
Reloading assemblies after finishing script compilation.
Reloading assemblies after forced synchronous recompile.
Total cache size 77508908
Total cache size after purge 77508908, took 00:00:00.1202874
Begin MonoManager ReloadAssembly
Refreshing native plugins compatible for Editor in 3.47 ms, found 4 plugins.
[Licensing::Client] Successfully resolved entitlement details
Native extension for Android target not found
Native extension for WindowsStandalone target not found
[MODES] ModeService[none].Initialize
[MODES] ModeService[none].LoadModes
ScheduleIndexationOnStartup MainProcess:True IndexOnStartup:True
Scripting: successfully reloaded assembly
- Finished resetting the current domain, in  1.433 seconds
Domain Reload Profiling: 2580ms
	BeginReloadAssembly (740ms)
		DisableScriptedObjects (132ms)
		CreateAndSetChildDomain (218ms)
	RebuildCommonClasses (8ms)
	RebuildNativeTypeToScriptingClass (18ms)
	initialDomainReloadingComplete (96ms)
	LoadAllAssembliesAndSetupDomain (284ms)
		LoadAssemblies (370ms)
		TypeCache.Refresh (8ms)
		AnalyzeDomain (116ms)
			BuildScriptInfoCaches (112ms)
	FinalizeReload (1434ms)
		SetupLoadedEditorAssemblies (0ms)
			InitializePlatformSupportModulesInManaged (14ms)
			BeforeProcessingInitializeOnLoad (143ms)
			ProcessInitializeOnLoadAttributes (318ms)
			ProcessInitializeOnLoadMethodAttributes (26ms)
			AfterProcessingInitializeOnLoad (6ms)
		AwakeInstancesAfterBackupRestoration (571ms)
Refreshing native plugins compatible for Editor in 5.95 ms, found 4 plugins.

Asset Pipeline Refresh (id=8e3a3e16661c4b541bf9de86ce612cb0): Total: 2.841 seconds - Initiated by StopAssetImportingV2(ForceSynchronousImport | ForceDomainReload)
	(Values over 0.05ms)
	Summary:
		Imports: total=0 (actual=0, local cache=0, cache server=0)
		Asset DB Process Time: managed=0 ms, native=1504 ms
		Asset DB Callback time: managed=31 ms, native=45 ms
		Scripting: domain reloads=1, domain reload time=1253 ms, compile time=6 ms, other=0 ms
		Project Asset Count: scripts=836, non-scripts=940
		Asset File Changes: new=0, changed=0, moved=0, deleted=0
		Scan Filter Count: 0
	InvokePackagesCallback: 6.400ms
	ApplyChangesToAssetFolders: 0.180ms
	Collect global state as custom dependencies: 3.082ms
	ProcessAssetsWithTransientArtifactChanges: 2.035ms
	CategorizeAssets: 8.267ms
	CompileScripts: 5.727ms
	ImportOutOfDateAssets: 1441.219ms (1440.271ms without children)
		UnloadImportedAssets: 0.466ms
		EnsureUptoDateAssetsAreRegisteredWithGuidPM: 0.197ms
		ImportSchedulerStart: 0.268ms
	PostProcessAllAssets: 31.991ms
		XRBuildSystem.XRAssetImported 0.314ms
		MonoPostProcessAllAssets: 31.233ms
			WindowAssetPostprocessingWatcher.OnPostprocessAllAssets 4.287ms
			AssetChangedListener.OnPostprocessAllAssets 4.242ms
			BuilderAssetPostprocessor.OnPostprocessAllAssets 3.968ms
			AssetPostprocessor.OnPostprocessAllAssets 3.400ms
			SyncVS.PostprocessSyncProject 2.186ms
			RetainedModeAssetPostprocessor.OnPostprocessAllAssets 0.893ms
			EditModeScopePostprocessor.OnPostprocessAllAssets 0.666ms
			SpeedTree9Postprocessor.OnPostprocessAllAssets 0.616ms
			ProjectSettingsPostprocessor.OnPostprocessAllAssets 0.609ms
			ArtifactBrowserPostProcessor.OnPostprocessAllAssets 0.415ms
			TMPro_TexturePostProcessor.OnPostprocessAllAssets 0.411ms
			UVCSAssetPostprocessor.OnPostprocessAllAssets 0.312ms
			InputActionAssetPostprocessor.OnPostprocessAllAssets 0.258ms
			TextAssetPostProcessor.OnPostprocessAllAssets 0.251ms
			AudioMixerPostprocessor.OnPostprocessAllAssets 0.237ms
			InputActionJsonNameModifierAssetProcessor.OnPostprocessAllAssets 0.217ms
			ReferencedClipsPostProcessor.OnPostprocessAllAssets 0.205ms
			AssetEvents.OnPostprocessAllAssets 0.163ms
			StyleCatalogPostProcessor.OnPostprocessAllAssets 0.160ms
			SpeedTreePostProcessor.OnPostprocessAllAssets 0.123ms
			SamplePostprocessor.OnPostprocessAllAssets 0.118ms
			TerrainToolbarOverlayPostProcessor.OnPostprocessAllAssets 0.106ms
			AssetDatabaseCallbacks.OnPostprocessAllAssets 0.105ms
			ConfigAssetsTracker.OnPostprocessAllAssets 0.099ms
			ThemePostprocessor.OnPostprocessAllAssets 0.095ms
			ScenarioDriftAssetsTracker.OnPostprocessAllAssets 0.084ms
			AssetReloadNotifier.OnPostprocessAllAssets 0.076ms
			RenderPipelineGlobalSettingsPostprocessor.OnPostprocessAllAssets 0.065ms
			AudioContainerPostProcessor.OnPostprocessAllAssets 0.059ms
	PostAssetChangesProfiler: 43.211ms
	GatherAllCurrentPrimaryImportResultRevisions: 0.196ms
	GenerateScriptTypeHashes: 0.439ms
	GenerateScriptTypeSerializationHashes: 0.944ms
	Untracked: 1281.684ms

[Licensing::Client] Successfully resolved entitlement details
[Licensing::Client] Successfully resolved entitlement details
[Worker0] Imported GUID: 41aade3f241d49f468d8fbb98c1eb1d9 - Path: Assets/Scripts/rotator.cs - Importer: PreviewImporter -> (ImportResultId: '5884b228d4cbd07012de62ccfdb55f4e') in 0.0046644 seconds
Asset Pipeline Refresh (id=04c603c195aff8e40acb93df3f7c5f31): Total: 0.087 seconds - Initiated by RefreshV2(AllowForceSynchronousImport)
Asset Pipeline Refresh (id=129a67249c7186846a63a009888ac08e): Total: 0.013 seconds - Initiated by RefreshV2(AllowForceSynchronousImport)
[Licensing::Client] Successfully resolved entitlement details
Asset Pipeline Refresh (id=ef7cea106349b104f84d5a8a8dd30985): Total: 0.023 seconds - Initiated by RefreshV2(AllowForceSynchronousImport)
Reloading assemblies for play mode.
Reloading assemblies after forced synchronous recompile.
[Licensing::Client] Successfully resolved entitlement details
Begin MonoManager ReloadAssembly
Refreshing native plugins compatible for Editor in 21.08 ms, found 4 plugins.
[Licensing::Client] Successfully resolved entitlement details
Native extension for Android target not found
Native extension for WindowsStandalone target not found
ScheduleIndexationOnStartup MainProcess:True IndexOnStartup:True
[MODES] ModeService[none].Initialize
[MODES] ModeService[none].LoadModes
Scripting: successfully reloaded assembly
- Finished resetting the current domain, in  1.530 seconds
Domain Reload Profiling: 2745ms
	BeginReloadAssembly (719ms)
		DisableScriptedObjects (151ms)
		CreateAndSetChildDomain (200ms)
	RebuildCommonClasses (10ms)
	RebuildNativeTypeToScriptingClass (13ms)
	initialDomainReloadingComplete (148ms)
	LoadAllAssembliesAndSetupDomain (325ms)
		LoadAssemblies (492ms)
		TypeCache.Refresh (6ms)
		AnalyzeDomain (4ms)
	FinalizeReload (1531ms)
		SetupLoadedEditorAssemblies (0ms)
			InitializePlatformSupportModulesInManaged (12ms)
			BeforeProcessingInitializeOnLoad (91ms)
			ProcessInitializeOnLoadAttributes (300ms)
			ProcessInitializeOnLoadMethodAttributes (27ms)
			AfterProcessingInitializeOnLoad (6ms)
		AwakeInstancesAfterBackupRestoration (618ms)

Asset Pipeline Refresh (id=948eb2d6b8ed615439e8d643c3e1fbe4): Total: 6.150 seconds - Initiated by StopAssetImportingV2(ForceSynchronousImport | ForceDomainReload)
	(Values over 0.05ms)
	Summary:
		Imports: total=0 (actual=0, local cache=0, cache server=0)
		Asset DB Process Time: managed=0 ms, native=1677 ms
		Asset DB Callback time: managed=20 ms, native=1 ms
		Scripting: domain reloads=1, domain reload time=4440 ms, compile time=11 ms, other=0 ms
		Project Asset Count: scripts=836, non-scripts=940
		Asset File Changes: new=0, changed=0, moved=0, deleted=0
		Scan Filter Count: 0
	InvokePackagesCallback: 5.555ms
	ApplyChangesToAssetFolders: 0.166ms
	Collect global state as custom dependencies: 2.719ms
	ProcessAssetsWithTransientArtifactChanges: 0.118ms
	CategorizeAssets: 9.900ms
	CompileScripts: 10.968ms
	ImportOutOfDateAssets: 1555.521ms (1553.823ms without children)
		UnloadImportedAssets: 1.087ms
		EnsureUptoDateAssetsAreRegisteredWithGuidPM: 0.200ms
		ImportSchedulerStart: 0.391ms
	PostProcessAllAssets: 20.222ms
		MonoPostProcessAllAssets: 20.218ms
			WindowAssetPostprocessingWatcher.OnPostprocessAllAssets 7.177ms
			AssetChangedListener.OnPostprocessAllAssets 4.242ms
			BuilderAssetPostprocessor.OnPostprocessAllAssets 3.968ms
			AssetPostprocessor.OnPostprocessAllAssets 3.400ms
			SyncVS.PostprocessSyncProject 2.537ms
			RetainedModeAssetPostprocessor.OnPostprocessAllAssets 0.893ms
			ProjectSettingsPostprocessor.OnPostprocessAllAssets 0.636ms
			SpeedTree9Postprocessor.OnPostprocessAllAssets 0.604ms
			ArtifactBrowserPostProcessor.OnPostprocessAllAssets 0.415ms
			TMPro_TexturePostProcessor.OnPostprocessAllAssets 0.411ms
			UVCSAssetPostprocessor.OnPostprocessAllAssets 0.312ms
			EditModeScopePostprocessor.OnPostprocessAllAssets 0.258ms
			TextAssetPostProcessor.OnPostprocessAllAssets 0.251ms
			AudioMixerPostprocessor.OnPostprocessAllAssets 0.237ms
			InputActionJsonNameModifierAssetProcessor.OnPostprocessAllAssets 0.217ms
			ReferencedClipsPostProcessor.OnPostprocessAllAssets 0.205ms
			InputActionAssetPostprocessor.OnPostprocessAllAssets 0.204ms
			AssetEvents.OnPostprocessAllAssets 0.163ms
			StyleCatalogPostProcessor.OnPostprocessAllAssets 0.160ms
			SpeedTreePostProcessor.OnPostprocessAllAssets 0.123ms
			SamplePostprocessor.OnPostprocessAllAssets 0.118ms
			AssetDatabaseCallbacks.OnPostprocessAllAssets 0.115ms
			TerrainToolbarOverlayPostProcessor.OnPostprocessAllAssets 0.105ms
			ConfigAssetsTracker.OnPostprocessAllAssets 0.099ms
			ThemePostprocessor.OnPostprocessAllAssets 0.095ms
			ScenarioDriftAssetsTracker.OnPostprocessAllAssets 0.084ms
			RenderPipelineGlobalSettingsPostprocessor.OnPostprocessAllAssets 0.079ms
			AssetReloadNotifier.OnPostprocessAllAssets 0.076ms
			AudioContainerPostProcessor.OnPostprocessAllAssets 0.059ms
	GatherAllCurrentPrimaryImportResultRevisions: 0.298ms
	GenerateScriptTypeHashes: 0.449ms
	GenerateScriptTypeSerializationHashes: 0.961ms
	Untracked: 4515.465ms

Loaded scene 'Temp/__Backupscenes/0.backup'
	Deserialize:            1.055 ms
	Integration:            230.568 ms
	Integration of assets:  0.005 ms
	Thread Wait Time:       0.002 ms
	Total Operation Time:   231.629 ms
[Licensing::Client] Successfully resolved entitlement details
[Licensing::Client] Successfully resolved entitlement details
Unloading 2 Unused Serialized files (Serialized files now loaded: 0)
Loaded scene 'Temp/__Backupscenes/0.backup'
	Deserialize:            0.893 ms
	Integration:            13.743 ms
	Integration of assets:  0.001 ms
	Thread Wait Time:       0.012 ms
	Total Operation Time:   14.649 ms
Unloading 17 unused Assets / (0.6 MB). Loaded Objects now: 6599.
Memory consumption went from 0.61 GB to 0.61 GB.
Total: 18.706200 ms (FindLiveObjects: 0.661200 ms CreateObjectMapping: 0.093200 ms MarkObjects: 17.658500 ms  DeleteObjects: 0.102700 ms)

[Licensing::Client] Successfully resolved entitlement details
Reloading assemblies for play mode.
Reloading assemblies after forced synchronous recompile.
Begin MonoManager ReloadAssembly
Refreshing native plugins compatible for Editor in 4.01 ms, found 4 plugins.
Native extension for Android target not found
Native extension for WindowsStandalone target not found
ScheduleIndexationOnStartup MainProcess:True IndexOnStartup:True
[MODES] ModeService[none].Initialize
[MODES] ModeService[none].LoadModes
Scripting: successfully reloaded assembly
- Finished resetting the current domain, in  1.261 seconds
Domain Reload Profiling: 2230ms
	BeginReloadAssembly (643ms)
		DisableScriptedObjects (115ms)
		CreateAndSetChildDomain (210ms)
	RebuildCommonClasses (8ms)
	RebuildNativeTypeToScriptingClass (11ms)
	initialDomainReloadingComplete (127ms)
	LoadAllAssembliesAndSetupDomain (178ms)
		LoadAssemblies (332ms)
		TypeCache.Refresh (6ms)
		AnalyzeDomain (4ms)
	FinalizeReload (1262ms)
		SetupLoadedEditorAssemblies (0ms)
			InitializePlatformSupportModulesInManaged (12ms)
			BeforeProcessingInitializeOnLoad (74ms)
			ProcessInitializeOnLoadAttributes (240ms)
			ProcessInitializeOnLoadMethodAttributes (27ms)
			AfterProcessingInitializeOnLoad (6ms)
		AwakeInstancesAfterBackupRestoration (558ms)

Asset Pipeline Refresh (id=1086184f98f1bec4a9a61b66bfafc360): Total: 2.445 seconds - Initiated by StopAssetImportingV2(ForceSynchronousImport | ForceDomainReload)
	(Values over 0.05ms)
	Summary:
		Imports: total=0 (actual=0, local cache=0, cache server=0)
		Asset DB Process Time: managed=0 ms, native=1337 ms
		Asset DB Callback time: managed=14 ms, native=1 ms
		Scripting: domain reloads=1, domain reload time=1083 ms, compile time=8 ms, other=0 ms
		Project Asset Count: scripts=836, non-scripts=940
		Asset File Changes: new=0, changed=0, moved=0, deleted=0
		Scan Filter Count: 0
	InvokePackagesCallback: 4.888ms
	ApplyChangesToAssetFolders: 0.164ms
	Collect global state as custom dependencies: 2.362ms
	ProcessAssetsWithTransientArtifactChanges: 0.087ms
	CategorizeAssets: 8.412ms
	CompileScripts: 8.260ms
	ImportOutOfDateAssets: 1273.678ms (1272.724ms without children)
		UnloadImportedAssets: 0.457ms
		EnsureUptoDateAssetsAreRegisteredWithGuidPM: 0.200ms
		ImportSchedulerStart: 0.280ms
	PostProcessAllAssets: 14.866ms
		MonoPostProcessAllAssets: 14.863ms
			AssetChangedListener.OnPostprocessAllAssets 4.242ms
			WindowAssetPostprocessingWatcher.OnPostprocessAllAssets 4.016ms
			BuilderAssetPostprocessor.OnPostprocessAllAssets 3.968ms
			AssetPostprocessor.OnPostprocessAllAssets 3.400ms
			SyncVS.PostprocessSyncProject 2.335ms
			RetainedModeAssetPostprocessor.OnPostprocessAllAssets 0.893ms
			SpeedTree9Postprocessor.OnPostprocessAllAssets 0.580ms
			ProjectSettingsPostprocessor.OnPostprocessAllAssets 0.545ms
			ArtifactBrowserPostProcessor.OnPostprocessAllAssets 0.415ms
			TMPro_TexturePostProcessor.OnPostprocessAllAssets 0.411ms
			UVCSAssetPostprocessor.OnPostprocessAllAssets 0.312ms
			TextAssetPostProcessor.OnPostprocessAllAssets 0.251ms
			AudioMixerPostprocessor.OnPostprocessAllAssets 0.237ms
			InputActionJsonNameModifierAssetProcessor.OnPostprocessAllAssets 0.217ms
			EditModeScopePostprocessor.OnPostprocessAllAssets 0.211ms
			InputActionAssetPostprocessor.OnPostprocessAllAssets 0.199ms
			ReferencedClipsPostProcessor.OnPostprocessAllAssets 0.186ms
			AssetEvents.OnPostprocessAllAssets 0.163ms
			StyleCatalogPostProcessor.OnPostprocessAllAssets 0.160ms
			SpeedTreePostProcessor.OnPostprocessAllAssets 0.123ms
			SamplePostprocessor.OnPostprocessAllAssets 0.118ms
			TerrainToolbarOverlayPostProcessor.OnPostprocessAllAssets 0.109ms
			AssetDatabaseCallbacks.OnPostprocessAllAssets 0.105ms
			ConfigAssetsTracker.OnPostprocessAllAssets 0.099ms
			ThemePostprocessor.OnPostprocessAllAssets 0.095ms
			ScenarioDriftAssetsTracker.OnPostprocessAllAssets 0.084ms
			AssetReloadNotifier.OnPostprocessAllAssets 0.076ms
			RenderPipelineGlobalSettingsPostprocessor.OnPostprocessAllAssets 0.072ms
			AudioContainerPostProcessor.OnPostprocessAllAssets 0.059ms
	GatherAllCurrentPrimaryImportResultRevisions: 0.067ms
	GenerateScriptTypeHashes: 0.474ms
	GenerateScriptTypeSerializationHashes: 1.018ms
	Untracked: 1107.067ms

Loaded scene 'Temp/__Backupscenes/0.backup'
	Deserialize:            0.882 ms
	Integration:            230.177 ms
	Integration of assets:  0.001 ms
	Thread Wait Time:       0.012 ms
	Total Operation Time:   231.072 ms
[Licensing::Client] Successfully resolved entitlement details
[Licensing::Client] Successfully resolved entitlement details
Unloading 2 Unused Serialized files (Serialized files now loaded: 0)
Loaded scene 'Temp/__Backupscenes/0.backup'
	Deserialize:            0.824 ms
	Integration:            14.243 ms
	Integration of assets:  0.001 ms
	Thread Wait Time:       0.014 ms
	Total Operation Time:   15.082 ms
Unloading 14 unused Assets / (0.6 MB). Loaded Objects now: 6613.
Memory consumption went from 0.62 GB to 0.62 GB.
Total: 14.903600 ms (FindLiveObjects: 0.485200 ms CreateObjectMapping: 0.082100 ms MarkObjects: 14.125800 ms  DeleteObjects: 0.033500 ms)

Reloading assemblies for play mode.
Reloading assemblies after forced synchronous recompile.
Begin MonoManager ReloadAssembly
Refreshing native plugins compatible for Editor in 3.59 ms, found 4 plugins.
Native extension for Android target not found
Native extension for WindowsStandalone target not found
ScheduleIndexationOnStartup MainProcess:True IndexOnStartup:True
[MODES] ModeService[none].Initialize
[MODES] ModeService[none].LoadModes
Scripting: successfully reloaded assembly
- Finished resetting the current domain, in  1.331 seconds
Domain Reload Profiling: 2371ms
	BeginReloadAssembly (698ms)
		DisableScriptedObjects (116ms)
		CreateAndSetChildDomain (199ms)
	RebuildCommonClasses (9ms)
	RebuildNativeTypeToScriptingClass (12ms)
	initialDomainReloadingComplete (131ms)
	LoadAllAssembliesAndSetupDomain (190ms)
		LoadAssemblies (398ms)
		TypeCache.Refresh (6ms)
		AnalyzeDomain (4ms)
	FinalizeReload (1332ms)
		SetupLoadedEditorAssemblies (0ms)
			InitializePlatformSupportModulesInManaged (12ms)
			BeforeProcessingInitializeOnLoad (77ms)
			ProcessInitializeOnLoadAttributes (244ms)
			ProcessInitializeOnLoadMethodAttributes (29ms)
			AfterProcessingInitializeOnLoad (6ms)
		AwakeInstancesAfterBackupRestoration (580ms)

Asset Pipeline Refresh (id=ee10b3678e8a6aa47a73e40951b40088): Total: 2.597 seconds - Initiated by StopAssetImportingV2(ForceSynchronousImport | ForceDomainReload)
	(Values over 0.05ms)
	Summary:
		Imports: total=0 (actual=0, local cache=0, cache server=0)
		Asset DB Process Time: managed=0 ms, native=1412 ms
		Asset DB Callback time: managed=15 ms, native=1 ms
		Scripting: domain reloads=1, domain reload time=1161 ms, compile time=6 ms, other=0 ms
		Project Asset Count: scripts=836, non-scripts=940
		Asset File Changes: new=0, changed=0, moved=0, deleted=0
		Scan Filter Count: 0
	InvokePackagesCallback: 5.710ms
	ApplyChangesToAssetFolders: 0.183ms
	Collect global state as custom dependencies: 3.823ms
	ProcessAssetsWithTransientArtifactChanges: 0.098ms
	CategorizeAssets: 10.050ms
	CompileScripts: 6.102ms
	ImportOutOfDateAssets: 1343.581ms (1342.481ms without children)
		UnloadImportedAssets: 0.538ms
		EnsureUptoDateAssetsAreRegisteredWithGuidPM: 0.217ms
		ImportSchedulerStart: 0.321ms
	PostProcessAllAssets: 15.354ms
		MonoPostProcessAllAssets: 15.350ms
			AssetChangedListener.OnPostprocessAllAssets 4.242ms
			WindowAssetPostprocessingWatcher.OnPostprocessAllAssets 4.158ms
			BuilderAssetPostprocessor.OnPostprocessAllAssets 3.968ms
			AssetPostprocessor.OnPostprocessAllAssets 3.400ms
			SyncVS.PostprocessSyncProject 2.272ms
			RetainedModeAssetPostprocessor.OnPostprocessAllAssets 0.893ms
			SpeedTree9Postprocessor.OnPostprocessAllAssets 0.569ms
			ProjectSettingsPostprocessor.OnPostprocessAllAssets 0.564ms
			ArtifactBrowserPostProcessor.OnPostprocessAllAssets 0.415ms
			TMPro_TexturePostProcessor.OnPostprocessAllAssets 0.411ms
			UVCSAssetPostprocessor.OnPostprocessAllAssets 0.312ms
			TextAssetPostProcessor.OnPostprocessAllAssets 0.251ms
			AudioMixerPostprocessor.OnPostprocessAllAssets 0.237ms
			InputActionJsonNameModifierAssetProcessor.OnPostprocessAllAssets 0.217ms
			EditModeScopePostprocessor.OnPostprocessAllAssets 0.211ms
			InputActionAssetPostprocessor.OnPostprocessAllAssets 0.209ms
			ReferencedClipsPostProcessor.OnPostprocessAllAssets 0.193ms
			AssetEvents.OnPostprocessAllAssets 0.163ms
			StyleCatalogPostProcessor.OnPostprocessAllAssets 0.160ms
			SpeedTreePostProcessor.OnPostprocessAllAssets 0.123ms
			SamplePostprocessor.OnPostprocessAllAssets 0.118ms
			TerrainToolbarOverlayPostProcessor.OnPostprocessAllAssets 0.110ms
			AssetDatabaseCallbacks.OnPostprocessAllAssets 0.109ms
			ConfigAssetsTracker.OnPostprocessAllAssets 0.099ms
			ThemePostprocessor.OnPostprocessAllAssets 0.095ms
			ScenarioDriftAssetsTracker.OnPostprocessAllAssets 0.084ms
			AssetReloadNotifier.OnPostprocessAllAssets 0.076ms
			RenderPipelineGlobalSettingsPostprocessor.OnPostprocessAllAssets 0.061ms
			AudioContainerPostProcessor.OnPostprocessAllAssets 0.059ms
	GatherAllCurrentPrimaryImportResultRevisions: 0.122ms
	GenerateScriptTypeHashes: 0.930ms
	GenerateScriptTypeSerializationHashes: 1.957ms
	Untracked: 1187.779ms

Loaded scene 'Temp/__Backupscenes/0.backup'
	Deserialize:            0.916 ms
	Integration:            246.376 ms
	Integration of assets:  0.001 ms
	Thread Wait Time:       0.016 ms
	Total Operation Time:   247.308 ms
[Licensing::Client] Successfully resolved entitlement details
[Licensing::Client] Successfully resolved entitlement details
Unloading 2 Unused Serialized files (Serialized files now loaded: 0)
Loaded scene 'Temp/__Backupscenes/0.backup'
	Deserialize:            0.805 ms
	Integration:            13.677 ms
	Integration of assets:  0.001 ms
	Thread Wait Time:       0.009 ms
	Total Operation Time:   14.491 ms
Unloading 14 unused Assets / (449.2 KB). Loaded Objects now: 6606.
Memory consumption went from 0.62 GB to 0.62 GB.
Total: 14.058600 ms (FindLiveObjects: 0.396200 ms CreateObjectMapping: 0.090900 ms MarkObjects: 13.361600 ms  DeleteObjects: 0.033900 ms)

Asset Pipeline Refresh (id=fe3448ff6ebf82248a7beb5a3322199f): Total: 0.028 seconds - Initiated by RefreshV2(AllowForceSynchronousImport)
Reloading assemblies for play mode.
Reloading assemblies after forced synchronous recompile.
[Licensing::Client] Successfully resolved entitlement details
Begin MonoManager ReloadAssembly
Refreshing native plugins compatible for Editor in 7.38 ms, found 4 plugins.
[Licensing::Client] Successfully resolved entitlement details
Native extension for Android target not found
Native extension for WindowsStandalone target not found
ScheduleIndexationOnStartup MainProcess:True IndexOnStartup:True
[MODES] ModeService[none].Initialize
[MODES] ModeService[none].LoadModes
Scripting: successfully reloaded assembly
- Finished resetting the current domain, in  1.408 seconds
Domain Reload Profiling: 2441ms
	BeginReloadAssembly (670ms)
		DisableScriptedObjects (118ms)
		CreateAndSetChildDomain (199ms)
	RebuildCommonClasses (8ms)
	RebuildNativeTypeToScriptingClass (12ms)
	initialDomainReloadingComplete (136ms)
	LoadAllAssembliesAndSetupDomain (206ms)
		LoadAssemblies (384ms)
		TypeCache.Refresh (7ms)
		AnalyzeDomain (4ms)
			ResolveRequiredComponents (3ms)
	FinalizeReload (1409ms)
		SetupLoadedEditorAssemblies (0ms)
			InitializePlatformSupportModulesInManaged (12ms)
			BeforeProcessingInitializeOnLoad (79ms)
			ProcessInitializeOnLoadAttributes (263ms)
			ProcessInitializeOnLoadMethodAttributes (31ms)
			AfterProcessingInitializeOnLoad (6ms)
		AwakeInstancesAfterBackupRestoration (599ms)

Asset Pipeline Refresh (id=cea7cd98eaa155446b780309cf70e5fd): Total: 2.692 seconds - Initiated by StopAssetImportingV2(ForceSynchronousImport | ForceDomainReload)
	(Values over 0.05ms)
	Summary:
		Imports: total=0 (actual=0, local cache=0, cache server=0)
		Asset DB Process Time: managed=0 ms, native=1489 ms
		Asset DB Callback time: managed=15 ms, native=0 ms
		Scripting: domain reloads=1, domain reload time=1180 ms, compile time=4 ms, other=0 ms
		Project Asset Count: scripts=836, non-scripts=940
		Asset File Changes: new=0, changed=0, moved=0, deleted=0
		Scan Filter Count: 0
	InvokePackagesCallback: 7.111ms
	ApplyChangesToAssetFolders: 0.181ms
	Collect global state as custom dependencies: 2.377ms
	ProcessAssetsWithTransientArtifactChanges: 0.095ms
	CategorizeAssets: 8.232ms
	CompileScripts: 4.399ms
	ImportOutOfDateAssets: 1424.788ms (1423.668ms without children)
		UnloadImportedAssets: 0.529ms
		EnsureUptoDateAssetsAreRegisteredWithGuidPM: 0.220ms
		ImportSchedulerStart: 0.344ms
	PostProcessAllAssets: 15.971ms
		MonoPostProcessAllAssets: 15.967ms
			WindowAssetPostprocessingWatcher.OnPostprocessAllAssets 4.459ms
			AssetChangedListener.OnPostprocessAllAssets 4.242ms
			BuilderAssetPostprocessor.OnPostprocessAllAssets 3.968ms
			AssetPostprocessor.OnPostprocessAllAssets 3.400ms
			SyncVS.PostprocessSyncProject 2.420ms
			RetainedModeAssetPostprocessor.OnPostprocessAllAssets 0.893ms
			ProjectSettingsPostprocessor.OnPostprocessAllAssets 0.630ms
			SpeedTree9Postprocessor.OnPostprocessAllAssets 0.607ms
			ArtifactBrowserPostProcessor.OnPostprocessAllAssets 0.415ms
			TMPro_TexturePostProcessor.OnPostprocessAllAssets 0.411ms
			UVCSAssetPostprocessor.OnPostprocessAllAssets 0.312ms
			TextAssetPostProcessor.OnPostprocessAllAssets 0.251ms
			AudioMixerPostprocessor.OnPostprocessAllAssets 0.237ms
			EditModeScopePostprocessor.OnPostprocessAllAssets 0.225ms
			InputActionJsonNameModifierAssetProcessor.OnPostprocessAllAssets 0.217ms
			InputActionAssetPostprocessor.OnPostprocessAllAssets 0.211ms
			ReferencedClipsPostProcessor.OnPostprocessAllAssets 0.206ms
			AssetEvents.OnPostprocessAllAssets 0.163ms
			StyleCatalogPostProcessor.OnPostprocessAllAssets 0.160ms
			AssetDatabaseCallbacks.OnPostprocessAllAssets 0.140ms
			SpeedTreePostProcessor.OnPostprocessAllAssets 0.123ms
			SamplePostprocessor.OnPostprocessAllAssets 0.118ms
			TerrainToolbarOverlayPostProcessor.OnPostprocessAllAssets 0.109ms
			ConfigAssetsTracker.OnPostprocessAllAssets 0.099ms
			ThemePostprocessor.OnPostprocessAllAssets 0.095ms
			ScenarioDriftAssetsTracker.OnPostprocessAllAssets 0.084ms
			AssetReloadNotifier.OnPostprocessAllAssets 0.076ms
			RenderPipelineGlobalSettingsPostprocessor.OnPostprocessAllAssets 0.065ms
			AudioContainerPostProcessor.OnPostprocessAllAssets 0.059ms
	GatherAllCurrentPrimaryImportResultRevisions: 0.086ms
	GenerateScriptTypeHashes: 0.506ms
	GenerateScriptTypeSerializationHashes: 1.065ms
	Untracked: 1207.115ms

Loaded scene 'Temp/__Backupscenes/0.backup'
	Deserialize:            0.919 ms
	Integration:            227.271 ms
	Integration of assets:  0.001 ms
	Thread Wait Time:       0.011 ms
	Total Operation Time:   228.202 ms
[Licensing::Client] Successfully resolved entitlement details
[Licensing::Client] Successfully resolved entitlement details
Unloading 2 Unused Serialized files (Serialized files now loaded: 0)
Loaded scene 'Temp/__Backupscenes/0.backup'
	Deserialize:            0.811 ms
	Integration:            14.355 ms
	Integration of assets:  0.001 ms
	Thread Wait Time:       0.011 ms
	Total Operation Time:   15.178 ms
Unloading 25 unused Assets / (1.8 MB). Loaded Objects now: 6615.
Memory consumption went from 0.64 GB to 0.63 GB.
Total: 15.438900 ms (FindLiveObjects: 0.871000 ms CreateObjectMapping: 0.099900 ms MarkObjects: 14.213700 ms  DeleteObjects: 0.070800 ms)

[Licensing::Client] Successfully resolved entitlement details
Asset Pipeline Refresh (id=a4baf7553d0799846aefd57fda565133): Total: 0.036 seconds - Initiated by RefreshV2(AllowForceSynchronousImport)
Asset Pipeline Refresh (id=71f2f1334083d1b4a98373536f503fe2): Total: 0.010 seconds - Initiated by RefreshV2(AllowForceSynchronousImport)
Reloading assemblies for play mode.
Reloading assemblies after forced synchronous recompile.
[Licensing::Client] Successfully resolved entitlement details
Begin MonoManager ReloadAssembly
Refreshing native plugins compatible for Editor in 3.97 ms, found 4 plugins.
[Licensing::Client] Successfully resolved entitlement details
Native extension for Android target not found
Native extension for WindowsStandalone target not found
ScheduleIndexationOnStartup MainProcess:True IndexOnStartup:True
[MODES] ModeService[none].Initialize
[MODES] ModeService[none].LoadModes
Scripting: successfully reloaded assembly
- Finished resetting the current domain, in  1.374 seconds
Domain Reload Profiling: 2419ms
	BeginReloadAssembly (683ms)
		DisableScriptedObjects (120ms)
		CreateAndSetChildDomain (214ms)
	RebuildCommonClasses (8ms)
	RebuildNativeTypeToScriptingClass (12ms)
	initialDomainReloadingComplete (131ms)
	LoadAllAssembliesAndSetupDomain (210ms)
		LoadAssemblies (368ms)
		TypeCache.Refresh (7ms)
		AnalyzeDomain (7ms)
			ResolveRequiredComponents (5ms)
	FinalizeReload (1376ms)
		SetupLoadedEditorAssemblies (0ms)
			InitializePlatformSupportModulesInManaged (14ms)
			BeforeProcessingInitializeOnLoad (82ms)
			ProcessInitializeOnLoadAttributes (247ms)
			ProcessInitializeOnLoadMethodAttributes (30ms)
			AfterProcessingInitializeOnLoad (6ms)
		AwakeInstancesAfterBackupRestoration (611ms)

Asset Pipeline Refresh (id=9819965dccfe9c04286d0d4800567315): Total: 2.712 seconds - Initiated by StopAssetImportingV2(ForceSynchronousImport | ForceDomainReload)
	(Values over 0.05ms)
	Summary:
		Imports: total=0 (actual=0, local cache=0, cache server=0)
		Asset DB Process Time: managed=0 ms, native=1451 ms
		Asset DB Callback time: managed=15 ms, native=0 ms
		Scripting: domain reloads=1, domain reload time=1237 ms, compile time=7 ms, other=0 ms
		Project Asset Count: scripts=836, non-scripts=940
		Asset File Changes: new=0, changed=0, moved=0, deleted=0
		Scan Filter Count: 0
	InvokePackagesCallback: 6.534ms
	ApplyChangesToAssetFolders: 0.177ms
	Collect global state as custom dependencies: 2.461ms
	ProcessAssetsWithTransientArtifactChanges: 0.117ms
	CategorizeAssets: 8.293ms
	CompileScripts: 6.965ms
	ImportOutOfDateAssets: 1387.053ms (1385.917ms without children)
		UnloadImportedAssets: 0.573ms
		EnsureUptoDateAssetsAreRegisteredWithGuidPM: 0.205ms
		ImportSchedulerStart: 0.338ms
	PostProcessAllAssets: 15.433ms
		MonoPostProcessAllAssets: 15.429ms
			AssetChangedListener.OnPostprocessAllAssets 4.242ms
			WindowAssetPostprocessingWatcher.OnPostprocessAllAssets 4.213ms
			BuilderAssetPostprocessor.OnPostprocessAllAssets 3.968ms
			AssetPostprocessor.OnPostprocessAllAssets 3.400ms
			SyncVS.PostprocessSyncProject 2.174ms
			RetainedModeAssetPostprocessor.OnPostprocessAllAssets 0.893ms
			ProjectSettingsPostprocessor.OnPostprocessAllAssets 0.573ms
			SpeedTree9Postprocessor.OnPostprocessAllAssets 0.566ms
			ArtifactBrowserPostProcessor.OnPostprocessAllAssets 0.415ms
			TMPro_TexturePostProcessor.OnPostprocessAllAssets 0.411ms
			UVCSAssetPostprocessor.OnPostprocessAllAssets 0.312ms
			TextAssetPostProcessor.OnPostprocessAllAssets 0.251ms
			AudioMixerPostprocessor.OnPostprocessAllAssets 0.237ms
			InputActionJsonNameModifierAssetProcessor.OnPostprocessAllAssets 0.217ms
			EditModeScopePostprocessor.OnPostprocessAllAssets 0.211ms
			InputActionAssetPostprocessor.OnPostprocessAllAssets 0.201ms
			ReferencedClipsPostProcessor.OnPostprocessAllAssets 0.191ms
			AssetEvents.OnPostprocessAllAssets 0.163ms
			StyleCatalogPostProcessor.OnPostprocessAllAssets 0.160ms
			SpeedTreePostProcessor.OnPostprocessAllAssets 0.123ms
			SamplePostprocessor.OnPostprocessAllAssets 0.118ms
			AssetDatabaseCallbacks.OnPostprocessAllAssets 0.112ms
			TerrainToolbarOverlayPostProcessor.OnPostprocessAllAssets 0.103ms
			ConfigAssetsTracker.OnPostprocessAllAssets 0.099ms
			ThemePostprocessor.OnPostprocessAllAssets 0.095ms
			ScenarioDriftAssetsTracker.OnPostprocessAllAssets 0.084ms
			AssetReloadNotifier.OnPostprocessAllAssets 0.076ms
			AudioContainerPostProcessor.OnPostprocessAllAssets 0.059ms
			RenderPipelineGlobalSettingsPostprocessor.OnPostprocessAllAssets 0.059ms
	GatherAllCurrentPrimaryImportResultRevisions: 0.121ms
	GenerateScriptTypeHashes: 0.457ms
	GenerateScriptTypeSerializationHashes: 0.974ms
	Untracked: 1266.683ms

Loaded scene 'Temp/__Backupscenes/0.backup'
	Deserialize:            0.888 ms
	Integration:            223.409 ms
	Integration of assets:  0.001 ms
	Thread Wait Time:       0.010 ms
	Total Operation Time:   224.308 ms
[Licensing::Client] Successfully resolved entitlement details
[Licensing::Client] Successfully resolved entitlement details
Unloading 2 Unused Serialized files (Serialized files now loaded: 0)
Loaded scene 'Temp/__Backupscenes/0.backup'
	Deserialize:            1.921 ms
	Integration:            13.793 ms
	Integration of assets:  0.002 ms
	Thread Wait Time:       0.008 ms
	Total Operation Time:   15.723 ms
Unloading 18 unused Assets / (29.9 MB). Loaded Objects now: 6613.
Memory consumption went from 0.67 GB to 0.64 GB.
Total: 15.739500 ms (FindLiveObjects: 0.429400 ms CreateObjectMapping: 0.141900 ms MarkObjects: 14.156000 ms  DeleteObjects: 0.822400 ms)

[Licensing::Client] Successfully resolved entitlement details
Reloading assemblies for play mode.
Reloading assemblies after forced synchronous recompile.
Begin MonoManager ReloadAssembly
Refreshing native plugins compatible for Editor in 3.61 ms, found 4 plugins.
[Licensing::Client] Successfully resolved entitlement details
Native extension for Android target not found
Native extension for WindowsStandalone target not found
ScheduleIndexationOnStartup MainProcess:True IndexOnStartup:True
[MODES] ModeService[none].Initialize
[MODES] ModeService[none].LoadModes
Scripting: successfully reloaded assembly
- Finished resetting the current domain, in  1.363 seconds
Domain Reload Profiling: 2326ms
	BeginReloadAssembly (634ms)
		DisableScriptedObjects (112ms)
		CreateAndSetChildDomain (193ms)
	RebuildCommonClasses (9ms)
	RebuildNativeTypeToScriptingClass (12ms)
	initialDomainReloadingComplete (124ms)
	LoadAllAssembliesAndSetupDomain (184ms)
		LoadAssemblies (345ms)
		TypeCache.Refresh (6ms)
		AnalyzeDomain (4ms)
	FinalizeReload (1363ms)
		SetupLoadedEditorAssemblies (0ms)
			InitializePlatformSupportModulesInManaged (12ms)
			BeforeProcessingInitializeOnLoad (80ms)
			ProcessInitializeOnLoadAttributes (250ms)
			ProcessInitializeOnLoadMethodAttributes (28ms)
			AfterProcessingInitializeOnLoad (8ms)
		AwakeInstancesAfterBackupRestoration (596ms)

Asset Pipeline Refresh (id=c682fe0c5e645234d92d4e6a6051ced1): Total: 2.536 seconds - Initiated by StopAssetImportingV2(ForceSynchronousImport | ForceDomainReload)
	(Values over 0.05ms)
	Summary:
		Imports: total=0 (actual=0, local cache=0, cache server=0)
		Asset DB Process Time: managed=0 ms, native=1443 ms
		Asset DB Callback time: managed=15 ms, native=0 ms
		Scripting: domain reloads=1, domain reload time=1072 ms, compile time=4 ms, other=0 ms
		Project Asset Count: scripts=836, non-scripts=940
		Asset File Changes: new=0, changed=0, moved=0, deleted=0
		Scan Filter Count: 0
	InvokePackagesCallback: 5.006ms
	ApplyChangesToAssetFolders: 0.175ms
	Collect global state as custom dependencies: 2.550ms
	ProcessAssetsWithTransientArtifactChanges: 0.148ms
	CategorizeAssets: 8.449ms
	CompileScripts: 3.704ms
	ImportOutOfDateAssets: 1373.504ms (1372.487ms without children)
		UnloadImportedAssets: 0.492ms
		EnsureUptoDateAssetsAreRegisteredWithGuidPM: 0.204ms
		ImportSchedulerStart: 0.300ms
	PostProcessAllAssets: 15.199ms
		MonoPostProcessAllAssets: 15.196ms
			AssetChangedListener.OnPostprocessAllAssets 4.242ms
			WindowAssetPostprocessingWatcher.OnPostprocessAllAssets 4.221ms
			BuilderAssetPostprocessor.OnPostprocessAllAssets 3.968ms
			AssetPostprocessor.OnPostprocessAllAssets 3.400ms
			SyncVS.PostprocessSyncProject 2.277ms
			RetainedModeAssetPostprocessor.OnPostprocessAllAssets 0.893ms
			SpeedTree9Postprocessor.OnPostprocessAllAssets 0.578ms
			ProjectSettingsPostprocessor.OnPostprocessAllAssets 0.577ms
			ArtifactBrowserPostProcessor.OnPostprocessAllAssets 0.415ms
			TMPro_TexturePostProcessor.OnPostprocessAllAssets 0.411ms
			UVCSAssetPostprocessor.OnPostprocessAllAssets 0.312ms
			TextAssetPostProcessor.OnPostprocessAllAssets 0.251ms
			AudioMixerPostprocessor.OnPostprocessAllAssets 0.237ms
			InputActionJsonNameModifierAssetProcessor.OnPostprocessAllAssets 0.217ms
			InputActionAssetPostprocessor.OnPostprocessAllAssets 0.213ms
			EditModeScopePostprocessor.OnPostprocessAllAssets 0.210ms
			ReferencedClipsPostProcessor.OnPostprocessAllAssets 0.202ms
			AssetEvents.OnPostprocessAllAssets 0.163ms
			StyleCatalogPostProcessor.OnPostprocessAllAssets 0.160ms
			SpeedTreePostProcessor.OnPostprocessAllAssets 0.123ms
			SamplePostprocessor.OnPostprocessAllAssets 0.118ms
			TerrainToolbarOverlayPostProcessor.OnPostprocessAllAssets 0.110ms
			AssetDatabaseCallbacks.OnPostprocessAllAssets 0.110ms
			ConfigAssetsTracker.OnPostprocessAllAssets 0.099ms
			ThemePostprocessor.OnPostprocessAllAssets 0.095ms
			ScenarioDriftAssetsTracker.OnPostprocessAllAssets 0.084ms
			AssetReloadNotifier.OnPostprocessAllAssets 0.076ms
			RenderPipelineGlobalSettingsPostprocessor.OnPostprocessAllAssets 0.064ms
			AudioContainerPostProcessor.OnPostprocessAllAssets 0.059ms
	GatherAllCurrentPrimaryImportResultRevisions: 0.111ms
	UnloadStreamsBegin: 0.073ms
	GenerateScriptTypeHashes: 0.496ms
	GenerateScriptTypeSerializationHashes: 1.096ms
	Untracked: 1098.657ms

Loaded scene 'Temp/__Backupscenes/0.backup'
	Deserialize:            0.911 ms
	Integration:            235.248 ms
	Integration of assets:  0.002 ms
	Thread Wait Time:       0.009 ms
	Total Operation Time:   236.169 ms
[Licensing::Client] Successfully resolved entitlement details
[Licensing::Client] Successfully resolved entitlement details
Unloading 2 Unused Serialized files (Serialized files now loaded: 0)
Loaded scene 'Temp/__Backupscenes/0.backup'
	Deserialize:            0.815 ms
	Integration:            17.794 ms
	Integration of assets:  0.001 ms
	Thread Wait Time:       0.011 ms
	Total Operation Time:   18.621 ms
Unloading 25 unused Assets / (1.0 MB). Loaded Objects now: 6618.
Memory consumption went from 0.65 GB to 0.65 GB.
Total: 14.748100 ms (FindLiveObjects: 0.597600 ms CreateObjectMapping: 0.102600 ms MarkObjects: 13.786200 ms  DeleteObjects: 0.064500 ms)

Reloading assemblies for play mode.
Reloading assemblies after forced synchronous recompile.
[Licensing::Client] Successfully resolved entitlement details
Begin MonoManager ReloadAssembly
Refreshing native plugins compatible for Editor in 3.34 ms, found 4 plugins.
[Licensing::Client] Successfully resolved entitlement details
Native extension for Android target not found
Native extension for WindowsStandalone target not found
ScheduleIndexationOnStartup MainProcess:True IndexOnStartup:True
[MODES] ModeService[none].Initialize
[MODES] ModeService[none].LoadModes
Scripting: successfully reloaded assembly
- Finished resetting the current domain, in  1.425 seconds
Domain Reload Profiling: 2445ms
	BeginReloadAssembly (669ms)
		DisableScriptedObjects (124ms)
		CreateAndSetChildDomain (201ms)
	RebuildCommonClasses (8ms)
	RebuildNativeTypeToScriptingClass (12ms)
	initialDomainReloadingComplete (135ms)
	LoadAllAssembliesAndSetupDomain (196ms)
		LoadAssemblies (352ms)
		TypeCache.Refresh (6ms)
		AnalyzeDomain (6ms)
			ResolveRequiredComponents (4ms)
	FinalizeReload (1426ms)
		SetupLoadedEditorAssemblies (0ms)
			InitializePlatformSupportModulesInManaged (13ms)
			BeforeProcessingInitializeOnLoad (83ms)
			ProcessInitializeOnLoadAttributes (257ms)
			ProcessInitializeOnLoadMethodAttributes (33ms)
			AfterProcessingInitializeOnLoad (6ms)
		AwakeInstancesAfterBackupRestoration (619ms)

Asset Pipeline Refresh (id=4c21fd4d4d9336b40bb4148aa95efc59): Total: 2.705 seconds - Initiated by StopAssetImportingV2(ForceSynchronousImport | ForceDomainReload)
	(Values over 0.05ms)
	Summary:
		Imports: total=0 (actual=0, local cache=0, cache server=0)
		Asset DB Process Time: managed=0 ms, native=1503 ms
		Asset DB Callback time: managed=19 ms, native=1 ms
		Scripting: domain reloads=1, domain reload time=1178 ms, compile time=3 ms, other=0 ms
		Project Asset Count: scripts=836, non-scripts=940
		Asset File Changes: new=0, changed=0, moved=0, deleted=0
		Scan Filter Count: 0
	InvokePackagesCallback: 5.993ms
	ApplyChangesToAssetFolders: 0.174ms
	Collect global state as custom dependencies: 2.719ms
	ProcessAssetsWithTransientArtifactChanges: 0.087ms
	CategorizeAssets: 7.935ms
	CompileScripts: 3.197ms
	ImportOutOfDateAssets: 1435.600ms (1434.619ms without children)
		UnloadImportedAssets: 0.475ms
		EnsureUptoDateAssetsAreRegisteredWithGuidPM: 0.205ms
		ImportSchedulerStart: 0.283ms
	PostProcessAllAssets: 19.053ms
		MonoPostProcessAllAssets: 19.049ms
			AssetChangedListener.OnPostprocessAllAssets 4.242ms
			WindowAssetPostprocessingWatcher.OnPostprocessAllAssets 4.143ms
			BuilderAssetPostprocessor.OnPostprocessAllAssets 3.968ms
			AssetPostprocessor.OnPostprocessAllAssets 3.400ms
			SpeedTree9Postprocessor.OnPostprocessAllAssets 2.486ms
			SyncVS.PostprocessSyncProject 2.198ms
			RetainedModeAssetPostprocessor.OnPostprocessAllAssets 0.893ms
			ProjectSettingsPostprocessor.OnPostprocessAllAssets 0.573ms
			ArtifactBrowserPostProcessor.OnPostprocessAllAssets 0.415ms
			TMPro_TexturePostProcessor.OnPostprocessAllAssets 0.411ms
			UVCSAssetPostprocessor.OnPostprocessAllAssets 0.312ms
			TextAssetPostProcessor.OnPostprocessAllAssets 0.251ms
			AudioMixerPostprocessor.OnPostprocessAllAssets 0.237ms
			EditModeScopePostprocessor.OnPostprocessAllAssets 0.220ms
			InputActionAssetPostprocessor.OnPostprocessAllAssets 0.220ms
			InputActionJsonNameModifierAssetProcessor.OnPostprocessAllAssets 0.217ms
			ReferencedClipsPostProcessor.OnPostprocessAllAssets 0.194ms
			AssetEvents.OnPostprocessAllAssets 0.163ms
			StyleCatalogPostProcessor.OnPostprocessAllAssets 0.160ms
			AssetDatabaseCallbacks.OnPostprocessAllAssets 0.132ms
			TerrainToolbarOverlayPostProcessor.OnPostprocessAllAssets 0.127ms
			SpeedTreePostProcessor.OnPostprocessAllAssets 0.123ms
			SamplePostprocessor.OnPostprocessAllAssets 0.118ms
			ConfigAssetsTracker.OnPostprocessAllAssets 0.099ms
			ThemePostprocessor.OnPostprocessAllAssets 0.095ms
			ScenarioDriftAssetsTracker.OnPostprocessAllAssets 0.084ms
			AssetReloadNotifier.OnPostprocessAllAssets 0.076ms
			RenderPipelineGlobalSettingsPostprocessor.OnPostprocessAllAssets 0.060ms
			AudioContainerPostProcessor.OnPostprocessAllAssets 0.059ms
	GatherAllCurrentPrimaryImportResultRevisions: 0.139ms
	UnloadStreamsBegin: 1.181ms
	GenerateScriptTypeHashes: 0.444ms
	GenerateScriptTypeSerializationHashes: 0.961ms
	Untracked: 1203.538ms

Loaded scene 'Temp/__Backupscenes/0.backup'
	Deserialize:            0.904 ms
	Integration:            225.344 ms
	Integration of assets:  0.001 ms
	Thread Wait Time:       0.009 ms
	Total Operation Time:   226.258 ms
[Licensing::Client] Successfully resolved entitlement details
[Licensing::Client] Successfully resolved entitlement details
Unloading 2 Unused Serialized files (Serialized files now loaded: 0)
Loaded scene 'Temp/__Backupscenes/0.backup'
	Deserialize:            0.858 ms
	Integration:            12.977 ms
	Integration of assets:  0.001 ms
	Thread Wait Time:       0.011 ms
	Total Operation Time:   13.848 ms
Unloading 14 unused Assets / (0.7 MB). Loaded Objects now: 6624.
Memory consumption went from 0.66 GB to 0.66 GB.
Total: 14.610600 ms (FindLiveObjects: 0.574300 ms CreateObjectMapping: 0.086100 ms MarkObjects: 13.728900 ms  DeleteObjects: 0.035500 ms)

[Licensing::Client] Successfully resolved entitlement details
Reloading assemblies for play mode.
Reloading assemblies after forced synchronous recompile.
Begin MonoManager ReloadAssembly
Refreshing native plugins compatible for Editor in 3.38 ms, found 4 plugins.
[Licensing::Client] Successfully resolved entitlement details
Native extension for Android target not found
Native extension for WindowsStandalone target not found
ScheduleIndexationOnStartup MainProcess:True IndexOnStartup:True
[MODES] ModeService[none].Initialize
[MODES] ModeService[none].LoadModes
Scripting: successfully reloaded assembly
- Finished resetting the current domain, in  1.333 seconds
Domain Reload Profiling: 2319ms
	BeginReloadAssembly (656ms)
		DisableScriptedObjects (115ms)
		CreateAndSetChildDomain (199ms)
	RebuildCommonClasses (9ms)
	RebuildNativeTypeToScriptingClass (12ms)
	initialDomainReloadingComplete (125ms)
	LoadAllAssembliesAndSetupDomain (183ms)
		LoadAssemblies (353ms)
		TypeCache.Refresh (8ms)
		AnalyzeDomain (4ms)
	FinalizeReload (1334ms)
		SetupLoadedEditorAssemblies (0ms)
			InitializePlatformSupportModulesInManaged (12ms)
			BeforeProcessingInitializeOnLoad (75ms)
			ProcessInitializeOnLoadAttributes (253ms)
			ProcessInitializeOnLoadMethodAttributes (30ms)
			AfterProcessingInitializeOnLoad (6ms)
		AwakeInstancesAfterBackupRestoration (575ms)

Asset Pipeline Refresh (id=cdcc735890840d44398c4a9d87ea36e0): Total: 2.535 seconds - Initiated by StopAssetImportingV2(ForceSynchronousImport | ForceDomainReload)
	(Values over 0.05ms)
	Summary:
		Imports: total=0 (actual=0, local cache=0, cache server=0)
		Asset DB Process Time: managed=0 ms, native=1414 ms
		Asset DB Callback time: managed=15 ms, native=0 ms
		Scripting: domain reloads=1, domain reload time=1099 ms, compile time=4 ms, other=0 ms
		Project Asset Count: scripts=836, non-scripts=940
		Asset File Changes: new=0, changed=0, moved=0, deleted=0
		Scan Filter Count: 0
	InvokePackagesCallback: 4.767ms
	ApplyChangesToAssetFolders: 0.174ms
	Collect global state as custom dependencies: 2.239ms
	ProcessAssetsWithTransientArtifactChanges: 0.117ms
	CategorizeAssets: 8.005ms
	CompileScripts: 4.189ms
	ImportOutOfDateAssets: 1343.310ms (1342.328ms without children)
		UnloadImportedAssets: 0.471ms
		EnsureUptoDateAssetsAreRegisteredWithGuidPM: 0.200ms
		ImportSchedulerStart: 0.291ms
	PostProcessAllAssets: 15.548ms
		MonoPostProcessAllAssets: 15.544ms
			AssetChangedListener.OnPostprocessAllAssets 4.242ms
			WindowAssetPostprocessingWatcher.OnPostprocessAllAssets 4.194ms
			BuilderAssetPostprocessor.OnPostprocessAllAssets 3.968ms
			AssetPostprocessor.OnPostprocessAllAssets 3.400ms
			SyncVS.PostprocessSyncProject 2.394ms
			RetainedModeAssetPostprocessor.OnPostprocessAllAssets 0.893ms
			SpeedTree9Postprocessor.OnPostprocessAllAssets 0.609ms
			ProjectSettingsPostprocessor.OnPostprocessAllAssets 0.605ms
			ArtifactBrowserPostProcessor.OnPostprocessAllAssets 0.415ms
			TMPro_TexturePostProcessor.OnPostprocessAllAssets 0.411ms
			UVCSAssetPostprocessor.OnPostprocessAllAssets 0.312ms
			TextAssetPostProcessor.OnPostprocessAllAssets 0.251ms
			AudioMixerPostprocessor.OnPostprocessAllAssets 0.237ms
			EditModeScopePostprocessor.OnPostprocessAllAssets 0.224ms
			ReferencedClipsPostProcessor.OnPostprocessAllAssets 0.223ms
			InputActionJsonNameModifierAssetProcessor.OnPostprocessAllAssets 0.217ms
			InputActionAssetPostprocessor.OnPostprocessAllAssets 0.213ms
			AssetEvents.OnPostprocessAllAssets 0.163ms
			StyleCatalogPostProcessor.OnPostprocessAllAssets 0.160ms
			AssetDatabaseCallbacks.OnPostprocessAllAssets 0.124ms
			SpeedTreePostProcessor.OnPostprocessAllAssets 0.123ms
			SamplePostprocessor.OnPostprocessAllAssets 0.118ms
			TerrainToolbarOverlayPostProcessor.OnPostprocessAllAssets 0.115ms
			ConfigAssetsTracker.OnPostprocessAllAssets 0.099ms
			ThemePostprocessor.OnPostprocessAllAssets 0.095ms
			ScenarioDriftAssetsTracker.OnPostprocessAllAssets 0.084ms
			AssetReloadNotifier.OnPostprocessAllAssets 0.076ms
			RenderPipelineGlobalSettingsPostprocessor.OnPostprocessAllAssets 0.073ms
			AudioContainerPostProcessor.OnPostprocessAllAssets 0.059ms
	GatherAllCurrentPrimaryImportResultRevisions: 0.105ms
	UnloadStreamsBegin: 1.301ms
	GenerateScriptTypeHashes: 0.447ms
	GenerateScriptTypeSerializationHashes: 0.965ms
	Untracked: 1125.460ms

Loaded scene 'Temp/__Backupscenes/0.backup'
	Deserialize:            0.883 ms
	Integration:            224.029 ms
	Integration of assets:  0.001 ms
	Thread Wait Time:       0.011 ms
	Total Operation Time:   224.925 ms
[Licensing::Client] Successfully resolved entitlement details
[Licensing::Client] Successfully resolved entitlement details
Asset Pipeline Refresh (id=99af10063f2595b4aa69b8622a2ce7a1): Total: 0.016 seconds - Initiated by RefreshV2(NoUpdateAssetOptions)
Asset Pipeline Refresh (id=901d11452e7969b41bd01c0a5fca8966): Total: 0.007 seconds - Initiated by RefreshV2(NoUpdateAssetOptions)
Asset Pipeline Refresh (id=434961e88bedcdc41ab76b342738bc30): Total: 0.009 seconds - Initiated by RefreshV2(NoUpdateAssetOptions)
Asset Pipeline Refresh (id=11cd87f8d7ccf5c4abd94ba883533b1a): Total: 0.014 seconds - Initiated by RefreshV2(NoUpdateAssetOptions)
Asset Pipeline Refresh (id=65d47e5d42cfa6e4aaf747aca38c02e1): Total: 0.007 seconds - Initiated by RefreshV2(NoUpdateAssetOptions)
Asset Pipeline Refresh (id=03802b770a2d6904887f4ff59cb9de79): Total: 0.008 seconds - Initiated by RefreshV2(NoUpdateAssetOptions)
Asset Pipeline Refresh (id=18f76fbdbc4f5f944a1ef44ae01cf1c7): Total: 0.008 seconds - Initiated by RefreshV2(NoUpdateAssetOptions)
[Worker0] Imported GUID: 46c5ba87f11e76b4db9eeb3b0b4710d8 - Path: Assets/Scripts/CameraController.cs - Importer: PreviewImporter -> (ImportResultId: '15a911fecb4983634478f163012eebaf') in 0.0068957 seconds
[Licensing::Client] Successfully resolved entitlement details
Scanning for USB devices : 2.625ms
Scanning for USB devices : 1.703ms
Android Extension - Scanning For ADB Devices 942 ms
Android Extension - Scanning For ADB Devices 533 ms
Attempted to call .Dispose on an already disposed CancellationTokenSource
Android Extension - Scanning For ADB Devices 518 ms
Android Extension - Scanning For ADB Devices 497 ms
Asset Pipeline Refresh (id=a19aa171576abec4698b5795d0faf59e): Total: 0.018 seconds - Initiated by RefreshV2(NoUpdateAssetOptions)
Unloading 0 Unused Serialized files (Serialized files now loaded: 0)
Loaded scene 'Temp/__Backupscenes/0.backup'
	Deserialize:            0.872 ms
	Integration:            15.249 ms
	Integration of assets:  0.001 ms
	Thread Wait Time:       0.032 ms
	Total Operation Time:   16.154 ms
Unloading 29 unused Assets / (30.2 MB). Loaded Objects now: 6636.
Memory consumption went from 0.70 GB to 0.67 GB.
Total: 19.001200 ms (FindLiveObjects: 0.787400 ms CreateObjectMapping: 0.124300 ms MarkObjects: 17.122000 ms  DeleteObjects: 0.775900 ms)

[Licensing::Client] Successfully resolved entitlement details
Reloading assemblies for play mode.
Reloading assemblies after forced synchronous recompile.
Attempted to call .Dispose on an already disposed CancellationTokenSource
Begin MonoManager ReloadAssembly
Refreshing native plugins compatible for Editor in 26.15 ms, found 4 plugins.
[Licensing::Client] Successfully resolved entitlement details
Native extension for Android target not found
Native extension for WindowsStandalone target not found
ScheduleIndexationOnStartup MainProcess:True IndexOnStartup:True
[MODES] ModeService[none].Initialize
[MODES] ModeService[none].LoadModes
Scripting: successfully reloaded assembly
- Finished resetting the current domain, in  1.518 seconds
Domain Reload Profiling: 2704ms
	BeginReloadAssembly (679ms)
		DisableScriptedObjects (130ms)
		CreateAndSetChildDomain (231ms)
	RebuildCommonClasses (11ms)
	RebuildNativeTypeToScriptingClass (15ms)
	initialDomainReloadingComplete (170ms)
	LoadAllAssembliesAndSetupDomain (310ms)
		LoadAssemblies (435ms)
		TypeCache.Refresh (6ms)
		AnalyzeDomain (4ms)
	FinalizeReload (1519ms)
		SetupLoadedEditorAssemblies (0ms)
			InitializePlatformSupportModulesInManaged (15ms)
			BeforeProcessingInitializeOnLoad (80ms)
			ProcessInitializeOnLoadAttributes (300ms)
			ProcessInitializeOnLoadMethodAttributes (27ms)
			AfterProcessingInitializeOnLoad (5ms)
		AwakeInstancesAfterBackupRestoration (620ms)

Asset Pipeline Refresh (id=68ae0cd442bc74c409c1fce88e05763b): Total: 3.577 seconds - Initiated by StopAssetImportingV2(ForceSynchronousImport | ForceDomainReload)
	(Values over 0.05ms)
	Summary:
		Imports: total=0 (actual=0, local cache=0, cache server=0)
		Asset DB Process Time: managed=0 ms, native=1668 ms
		Asset DB Callback time: managed=15 ms, native=6 ms
		Scripting: domain reloads=1, domain reload time=1877 ms, compile time=9 ms, other=0 ms
		Project Asset Count: scripts=836, non-scripts=940
		Asset File Changes: new=0, changed=0, moved=0, deleted=0
		Scan Filter Count: 0
	InvokePackagesCallback: 10.873ms
	ApplyChangesToAssetFolders: 0.174ms
	Collect global state as custom dependencies: 2.734ms
	ProcessAssetsWithTransientArtifactChanges: 0.114ms
	CategorizeAssets: 8.464ms
	CompileScripts: 8.788ms
	ImportOutOfDateAssets: 1553.385ms (1552.317ms without children)
		UnloadImportedAssets: 0.529ms
		EnsureUptoDateAssetsAreRegisteredWithGuidPM: 0.208ms
		ImportSchedulerStart: 0.315ms
	PostProcessAllAssets: 15.207ms
		MonoPostProcessAllAssets: 15.204ms
			AssetChangedListener.OnPostprocessAllAssets 4.242ms
			WindowAssetPostprocessingWatcher.OnPostprocessAllAssets 4.118ms
			BuilderAssetPostprocessor.OnPostprocessAllAssets 3.968ms
			AssetPostprocessor.OnPostprocessAllAssets 3.400ms
			SyncVS.PostprocessSyncProject 2.261ms
			RetainedModeAssetPostprocessor.OnPostprocessAllAssets 0.893ms
			SpeedTree9Postprocessor.OnPostprocessAllAssets 0.566ms
			ProjectSettingsPostprocessor.OnPostprocessAllAssets 0.563ms
			ArtifactBrowserPostProcessor.OnPostprocessAllAssets 0.415ms
			TMPro_TexturePostProcessor.OnPostprocessAllAssets 0.411ms
			UVCSAssetPostprocessor.OnPostprocessAllAssets 0.312ms
			TextAssetPostProcessor.OnPostprocessAllAssets 0.251ms
			AudioMixerPostprocessor.OnPostprocessAllAssets 0.237ms
			InputActionJsonNameModifierAssetProcessor.OnPostprocessAllAssets 0.217ms
			EditModeScopePostprocessor.OnPostprocessAllAssets 0.216ms
			InputActionAssetPostprocessor.OnPostprocessAllAssets 0.211ms
			ReferencedClipsPostProcessor.OnPostprocessAllAssets 0.190ms
			AssetEvents.OnPostprocessAllAssets 0.163ms
			StyleCatalogPostProcessor.OnPostprocessAllAssets 0.160ms
			SpeedTreePostProcessor.OnPostprocessAllAssets 0.123ms
			SamplePostprocessor.OnPostprocessAllAssets 0.118ms
			TerrainToolbarOverlayPostProcessor.OnPostprocessAllAssets 0.115ms
			AssetDatabaseCallbacks.OnPostprocessAllAssets 0.115ms
			ConfigAssetsTracker.OnPostprocessAllAssets 0.099ms
			ThemePostprocessor.OnPostprocessAllAssets 0.095ms
			ScenarioDriftAssetsTracker.OnPostprocessAllAssets 0.084ms
			AssetReloadNotifier.OnPostprocessAllAssets 0.076ms
			RenderPipelineGlobalSettingsPostprocessor.OnPostprocessAllAssets 0.060ms
			AudioContainerPostProcessor.OnPostprocessAllAssets 0.059ms
	GatherAllCurrentPrimaryImportResultRevisions: 0.098ms
	UnloadStreamsBegin: 1.174ms
	GenerateScriptTypeHashes: 0.444ms
	GenerateScriptTypeSerializationHashes: 0.948ms
	Untracked: 1942.091ms

Loaded scene 'Temp/__Backupscenes/0.backup'
	Deserialize:            0.878 ms
	Integration:            245.482 ms
	Integration of assets:  0.001 ms
	Thread Wait Time:       0.020 ms
	Total Operation Time:   246.381 ms
[Licensing::Client] Successfully resolved entitlement details
[Licensing::Client] Successfully resolved entitlement details
Unloading 3 Unused Serialized files (Serialized files now loaded: 0)
Loaded scene 'Temp/__Backupscenes/0.backup'
	Deserialize:            0.806 ms
	Integration:            15.509 ms
	Integration of assets:  0.001 ms
	Thread Wait Time:       0.009 ms
	Total Operation Time:   16.326 ms
Unloading 19 unused Assets / (29.8 MB). Loaded Objects now: 6645.
Memory consumption went from 0.71 GB to 0.68 GB.
Total: 15.868100 ms (FindLiveObjects: 0.408800 ms CreateObjectMapping: 0.092700 ms MarkObjects: 13.489400 ms  DeleteObjects: 1.693900 ms)

Reloading assemblies for play mode.
Reloading assemblies after forced synchronous recompile.
Begin MonoManager ReloadAssembly
Refreshing native plugins compatible for Editor in 3.36 ms, found 4 plugins.
Native extension for Android target not found
Native extension for WindowsStandalone target not found
ScheduleIndexationOnStartup MainProcess:True IndexOnStartup:True
[MODES] ModeService[none].Initialize
[MODES] ModeService[none].LoadModes
Scripting: successfully reloaded assembly
- Finished resetting the current domain, in  1.352 seconds
Domain Reload Profiling: 2272ms
	BeginReloadAssembly (599ms)
		DisableScriptedObjects (109ms)
		CreateAndSetChildDomain (203ms)
	RebuildCommonClasses (8ms)
	RebuildNativeTypeToScriptingClass (12ms)
	initialDomainReloadingComplete (122ms)
	LoadAllAssembliesAndSetupDomain (180ms)
		LoadAssemblies (297ms)
		TypeCache.Refresh (7ms)
		AnalyzeDomain (4ms)
	FinalizeReload (1352ms)
		SetupLoadedEditorAssemblies (0ms)
			InitializePlatformSupportModulesInManaged (12ms)
			BeforeProcessingInitializeOnLoad (82ms)
			ProcessInitializeOnLoadAttributes (252ms)
			ProcessInitializeOnLoadMethodAttributes (29ms)
			AfterProcessingInitializeOnLoad (6ms)
		AwakeInstancesAfterBackupRestoration (588ms)

Asset Pipeline Refresh (id=3bad603fb94813440bca4310a2fd84d7): Total: 2.549 seconds - Initiated by StopAssetImportingV2(ForceSynchronousImport | ForceDomainReload)
	(Values over 0.05ms)
	Summary:
		Imports: total=0 (actual=0, local cache=0, cache server=0)
		Asset DB Process Time: managed=0 ms, native=1435 ms
		Asset DB Callback time: managed=17 ms, native=7 ms
		Scripting: domain reloads=1, domain reload time=1085 ms, compile time=3 ms, other=0 ms
		Project Asset Count: scripts=836, non-scripts=940
		Asset File Changes: new=0, changed=0, moved=0, deleted=0
		Scan Filter Count: 0
	InvokePackagesCallback: 11.817ms
	ApplyChangesToAssetFolders: 0.188ms
	Collect global state as custom dependencies: 2.784ms
	ProcessAssetsWithTransientArtifactChanges: 0.119ms
	CategorizeAssets: 9.124ms
	CompileScripts: 3.192ms
	ImportOutOfDateAssets: 1362.222ms (1361.137ms without children)
		UnloadImportedAssets: 0.577ms
		EnsureUptoDateAssetsAreRegisteredWithGuidPM: 0.213ms
		ImportSchedulerStart: 0.277ms
	PostProcessAllAssets: 17.738ms
		MonoPostProcessAllAssets: 17.735ms
			WindowAssetPostprocessingWatcher.OnPostprocessAllAssets 5.425ms
			AssetChangedListener.OnPostprocessAllAssets 4.242ms
			BuilderAssetPostprocessor.OnPostprocessAllAssets 3.968ms
			AssetPostprocessor.OnPostprocessAllAssets 3.400ms
			SyncVS.PostprocessSyncProject 2.307ms
			RetainedModeAssetPostprocessor.OnPostprocessAllAssets 0.893ms
			ProjectSettingsPostprocessor.OnPostprocessAllAssets 0.584ms
			SpeedTree9Postprocessor.OnPostprocessAllAssets 0.577ms
			ArtifactBrowserPostProcessor.OnPostprocessAllAssets 0.415ms
			TMPro_TexturePostProcessor.OnPostprocessAllAssets 0.411ms
			UVCSAssetPostprocessor.OnPostprocessAllAssets 0.312ms
			TextAssetPostProcessor.OnPostprocessAllAssets 0.251ms
			AudioMixerPostprocessor.OnPostprocessAllAssets 0.237ms
			EditModeScopePostprocessor.OnPostprocessAllAssets 0.229ms
			InputActionJsonNameModifierAssetProcessor.OnPostprocessAllAssets 0.217ms
			InputActionAssetPostprocessor.OnPostprocessAllAssets 0.208ms
			ReferencedClipsPostProcessor.OnPostprocessAllAssets 0.190ms
			AssetEvents.OnPostprocessAllAssets 0.163ms
			StyleCatalogPostProcessor.OnPostprocessAllAssets 0.160ms
			SpeedTreePostProcessor.OnPostprocessAllAssets 0.123ms
			SamplePostprocessor.OnPostprocessAllAssets 0.118ms
			AssetDatabaseCallbacks.OnPostprocessAllAssets 0.116ms
			TerrainToolbarOverlayPostProcessor.OnPostprocessAllAssets 0.114ms
			ConfigAssetsTracker.OnPostprocessAllAssets 0.099ms
			ThemePostprocessor.OnPostprocessAllAssets 0.095ms
			ScenarioDriftAssetsTracker.OnPostprocessAllAssets 0.084ms
			AssetReloadNotifier.OnPostprocessAllAssets 0.076ms
			RenderPipelineGlobalSettingsPostprocessor.OnPostprocessAllAssets 0.062ms
			AudioContainerPostProcessor.OnPostprocessAllAssets 0.059ms
	GatherAllCurrentPrimaryImportResultRevisions: 0.137ms
	GenerateScriptTypeHashes: 0.465ms
	GenerateScriptTypeSerializationHashes: 1.016ms
	Untracked: 1112.873ms

Loaded scene 'Temp/__Backupscenes/0.backup'
	Deserialize:            0.894 ms
	Integration:            233.461 ms
	Integration of assets:  0.001 ms
	Thread Wait Time:       0.012 ms
	Total Operation Time:   234.368 ms
[Licensing::Client] Successfully resolved entitlement details
[Licensing::Client] Successfully resolved entitlement details
Unloading 2 Unused Serialized files (Serialized files now loaded: 0)
Loaded scene 'Temp/__Backupscenes/0.backup'
	Deserialize:            0.835 ms
	Integration:            13.024 ms
	Integration of assets:  0.001 ms
	Thread Wait Time:       0.011 ms
	Total Operation Time:   13.872 ms
Unloading 14 unused Assets / (0.5 MB). Loaded Objects now: 6638.
Memory consumption went from 0.68 GB to 0.68 GB.
Total: 14.236400 ms (FindLiveObjects: 0.701300 ms CreateObjectMapping: 0.142400 ms MarkObjects: 13.143900 ms  DeleteObjects: 0.033800 ms)

[Licensing::Client] Successfully resolved entitlement details
Reloading assemblies for play mode.
Reloading assemblies after forced synchronous recompile.
Begin MonoManager ReloadAssembly
Refreshing native plugins compatible for Editor in 3.73 ms, found 4 plugins.
[Licensing::Client] Successfully resolved entitlement details
Native extension for Android target not found
Native extension for WindowsStandalone target not found
ScheduleIndexationOnStartup MainProcess:True IndexOnStartup:True
[MODES] ModeService[none].Initialize
[MODES] ModeService[none].LoadModes
Scripting: successfully reloaded assembly
- Finished resetting the current domain, in  1.371 seconds
Domain Reload Profiling: 2391ms
	BeginReloadAssembly (639ms)
		DisableScriptedObjects (115ms)
		CreateAndSetChildDomain (211ms)
	RebuildCommonClasses (8ms)
	RebuildNativeTypeToScriptingClass (12ms)
	initialDomainReloadingComplete (138ms)
	LoadAllAssembliesAndSetupDomain (224ms)
		LoadAssemblies (368ms)
		TypeCache.Refresh (6ms)
		AnalyzeDomain (4ms)
	FinalizeReload (1372ms)
		SetupLoadedEditorAssemblies (0ms)
			InitializePlatformSupportModulesInManaged (11ms)
			BeforeProcessingInitializeOnLoad (79ms)
			ProcessInitializeOnLoadAttributes (261ms)
			ProcessInitializeOnLoadMethodAttributes (32ms)
			AfterProcessingInitializeOnLoad (6ms)
		AwakeInstancesAfterBackupRestoration (592ms)

Asset Pipeline Refresh (id=490fb8e63c9814d4a8ec2eb0412c0279): Total: 2.607 seconds - Initiated by StopAssetImportingV2(ForceSynchronousImport | ForceDomainReload)
	(Values over 0.05ms)
	Summary:
		Imports: total=0 (actual=0, local cache=0, cache server=0)
		Asset DB Process Time: managed=0 ms, native=1452 ms
		Asset DB Callback time: managed=14 ms, native=1 ms
		Scripting: domain reloads=1, domain reload time=1134 ms, compile time=4 ms, other=0 ms
		Project Asset Count: scripts=836, non-scripts=940
		Asset File Changes: new=0, changed=0, moved=0, deleted=0
		Scan Filter Count: 0
	InvokePackagesCallback: 5.741ms
	ApplyChangesToAssetFolders: 0.200ms
	Collect global state as custom dependencies: 2.639ms
	ProcessAssetsWithTransientArtifactChanges: 0.085ms
	CategorizeAssets: 8.452ms
	CompileScripts: 3.568ms
	ImportOutOfDateAssets: 1381.884ms (1380.906ms without children)
		UnloadImportedAssets: 0.466ms
		EnsureUptoDateAssetsAreRegisteredWithGuidPM: 0.201ms
		ImportSchedulerStart: 0.294ms
	PostProcessAllAssets: 14.940ms
		MonoPostProcessAllAssets: 14.938ms
			AssetChangedListener.OnPostprocessAllAssets 4.242ms
			WindowAssetPostprocessingWatcher.OnPostprocessAllAssets 4.039ms
			BuilderAssetPostprocessor.OnPostprocessAllAssets 3.968ms
			AssetPostprocessor.OnPostprocessAllAssets 3.400ms
			SyncVS.PostprocessSyncProject 2.169ms
			RetainedModeAssetPostprocessor.OnPostprocessAllAssets 0.893ms
			SpeedTree9Postprocessor.OnPostprocessAllAssets 0.577ms
			ProjectSettingsPostprocessor.OnPostprocessAllAssets 0.561ms
			ArtifactBrowserPostProcessor.OnPostprocessAllAssets 0.415ms
			TMPro_TexturePostProcessor.OnPostprocessAllAssets 0.411ms
			UVCSAssetPostprocessor.OnPostprocessAllAssets 0.312ms
			TextAssetPostProcessor.OnPostprocessAllAssets 0.251ms
			AudioMixerPostprocessor.OnPostprocessAllAssets 0.237ms
			InputActionJsonNameModifierAssetProcessor.OnPostprocessAllAssets 0.217ms
			EditModeScopePostprocessor.OnPostprocessAllAssets 0.211ms
			InputActionAssetPostprocessor.OnPostprocessAllAssets 0.205ms
			ReferencedClipsPostProcessor.OnPostprocessAllAssets 0.197ms
			AssetEvents.OnPostprocessAllAssets 0.163ms
			StyleCatalogPostProcessor.OnPostprocessAllAssets 0.160ms
			SpeedTreePostProcessor.OnPostprocessAllAssets 0.123ms
			SamplePostprocessor.OnPostprocessAllAssets 0.118ms
			AssetDatabaseCallbacks.OnPostprocessAllAssets 0.113ms
			TerrainToolbarOverlayPostProcessor.OnPostprocessAllAssets 0.105ms
			ConfigAssetsTracker.OnPostprocessAllAssets 0.099ms
			ThemePostprocessor.OnPostprocessAllAssets 0.095ms
			ScenarioDriftAssetsTracker.OnPostprocessAllAssets 0.084ms
			AssetReloadNotifier.OnPostprocessAllAssets 0.076ms
			AudioContainerPostProcessor.OnPostprocessAllAssets 0.059ms
			RenderPipelineGlobalSettingsPostprocessor.OnPostprocessAllAssets 0.059ms
	GatherAllCurrentPrimaryImportResultRevisions: 0.075ms
	GenerateScriptTypeHashes: 0.462ms
	GenerateScriptTypeSerializationHashes: 0.972ms
	Untracked: 1160.202ms

Loaded scene 'Temp/__Backupscenes/0.backup'
	Deserialize:            0.893 ms
	Integration:            223.190 ms
	Integration of assets:  0.002 ms
	Thread Wait Time:       0.008 ms
	Total Operation Time:   224.093 ms
[Licensing::Client] Successfully resolved entitlement details
[Licensing::Client] Successfully resolved entitlement details
Unloading 2 Unused Serialized files (Serialized files now loaded: 0)
Loaded scene 'Temp/__Backupscenes/0.backup'
	Deserialize:            0.786 ms
	Integration:            13.616 ms
	Integration of assets:  0.001 ms
	Thread Wait Time:       0.010 ms
	Total Operation Time:   14.413 ms
Unloading 14 unused Assets / (0.7 MB). Loaded Objects now: 6650.
Memory consumption went from 0.68 GB to 0.68 GB.
Total: 15.069500 ms (FindLiveObjects: 0.647800 ms CreateObjectMapping: 0.086700 ms MarkObjects: 14.112000 ms  DeleteObjects: 0.038600 ms)

Reloading assemblies for play mode.
Reloading assemblies after forced synchronous recompile.
Begin MonoManager ReloadAssembly
Refreshing native plugins compatible for Editor in 3.34 ms, found 4 plugins.
Native extension for Android target not found
Native extension for WindowsStandalone target not found
ScheduleIndexationOnStartup MainProcess:True IndexOnStartup:True
[MODES] ModeService[none].Initialize
[MODES] ModeService[none].LoadModes
Scripting: successfully reloaded assembly
- Finished resetting the current domain, in  1.415 seconds
Domain Reload Profiling: 2359ms
	BeginReloadAssembly (624ms)
		DisableScriptedObjects (104ms)
		CreateAndSetChildDomain (217ms)
	RebuildCommonClasses (8ms)
	RebuildNativeTypeToScriptingClass (12ms)
	initialDomainReloadingComplete (116ms)
	LoadAllAssembliesAndSetupDomain (183ms)
		LoadAssemblies (320ms)
		TypeCache.Refresh (6ms)
		AnalyzeDomain (5ms)
			ResolveRequiredComponents (3ms)
	FinalizeReload (1416ms)
		SetupLoadedEditorAssemblies (0ms)
			InitializePlatformSupportModulesInManaged (11ms)
			BeforeProcessingInitializeOnLoad (85ms)
			ProcessInitializeOnLoadAttributes (301ms)
			ProcessInitializeOnLoadMethodAttributes (27ms)
			AfterProcessingInitializeOnLoad (6ms)
		AwakeInstancesAfterBackupRestoration (626ms)

Asset Pipeline Refresh (id=bbb83e251d5c5fe418802c781a554dc4): Total: 2.583 seconds - Initiated by StopAssetImportingV2(ForceSynchronousImport | ForceDomainReload)
	(Values over 0.05ms)
	Summary:
		Imports: total=0 (actual=0, local cache=0, cache server=0)
		Asset DB Process Time: managed=0 ms, native=1508 ms
		Asset DB Callback time: managed=15 ms, native=1 ms
		Scripting: domain reloads=1, domain reload time=1053 ms, compile time=3 ms, other=0 ms
		Project Asset Count: scripts=836, non-scripts=940
		Asset File Changes: new=0, changed=0, moved=0, deleted=0
		Scan Filter Count: 0
	InvokePackagesCallback: 7.085ms
	ApplyChangesToAssetFolders: 0.167ms
	Collect global state as custom dependencies: 2.812ms
	ProcessAssetsWithTransientArtifactChanges: 0.079ms
	CategorizeAssets: 8.476ms
	CompileScripts: 3.177ms
	ImportOutOfDateAssets: 1428.103ms (1426.916ms without children)
		UnloadImportedAssets: 0.668ms
		EnsureUptoDateAssetsAreRegisteredWithGuidPM: 0.212ms
		ImportSchedulerStart: 0.290ms
	PostProcessAllAssets: 15.596ms
		MonoPostProcessAllAssets: 15.591ms
			AssetChangedListener.OnPostprocessAllAssets 4.242ms
			WindowAssetPostprocessingWatcher.OnPostprocessAllAssets 4.120ms
			BuilderAssetPostprocessor.OnPostprocessAllAssets 3.968ms
			AssetPostprocessor.OnPostprocessAllAssets 3.400ms
			SyncVS.PostprocessSyncProject 2.360ms
			RetainedModeAssetPostprocessor.OnPostprocessAllAssets 0.893ms
			SpeedTree9Postprocessor.OnPostprocessAllAssets 0.564ms
			ProjectSettingsPostprocessor.OnPostprocessAllAssets 0.562ms
			ArtifactBrowserPostProcessor.OnPostprocessAllAssets 0.415ms
			TMPro_TexturePostProcessor.OnPostprocessAllAssets 0.411ms
			UVCSAssetPostprocessor.OnPostprocessAllAssets 0.312ms
			EditModeScopePostprocessor.OnPostprocessAllAssets 0.299ms
			TextAssetPostProcessor.OnPostprocessAllAssets 0.251ms
			AudioMixerPostprocessor.OnPostprocessAllAssets 0.237ms
			InputActionJsonNameModifierAssetProcessor.OnPostprocessAllAssets 0.217ms
			InputActionAssetPostprocessor.OnPostprocessAllAssets 0.207ms
			ReferencedClipsPostProcessor.OnPostprocessAllAssets 0.192ms
			AssetEvents.OnPostprocessAllAssets 0.163ms
			StyleCatalogPostProcessor.OnPostprocessAllAssets 0.160ms
			SpeedTreePostProcessor.OnPostprocessAllAssets 0.123ms
			SamplePostprocessor.OnPostprocessAllAssets 0.118ms
			AssetDatabaseCallbacks.OnPostprocessAllAssets 0.110ms
			TerrainToolbarOverlayPostProcessor.OnPostprocessAllAssets 0.109ms
			ConfigAssetsTracker.OnPostprocessAllAssets 0.099ms
			ThemePostprocessor.OnPostprocessAllAssets 0.095ms
			ScenarioDriftAssetsTracker.OnPostprocessAllAssets 0.084ms
			AssetReloadNotifier.OnPostprocessAllAssets 0.076ms
			RenderPipelineGlobalSettingsPostprocessor.OnPostprocessAllAssets 0.062ms
			AudioContainerPostProcessor.OnPostprocessAllAssets 0.059ms
	GatherAllCurrentPrimaryImportResultRevisions: 0.075ms
	PersistCurrentRevisions: 0.162ms
	GenerateScriptTypeHashes: 0.458ms
	GenerateScriptTypeSerializationHashes: 0.998ms
	Untracked: 1084.659ms

Loaded scene 'Temp/__Backupscenes/0.backup'
	Deserialize:            0.951 ms
	Integration:            232.357 ms
	Integration of assets:  0.001 ms
	Thread Wait Time:       0.046 ms
	Total Operation Time:   233.356 ms
[Licensing::Client] Successfully resolved entitlement details
[Licensing::Client] Successfully resolved entitlement details
Unloading 2 Unused Serialized files (Serialized files now loaded: 0)
Loaded scene 'Temp/__Backupscenes/0.backup'
	Deserialize:            0.822 ms
	Integration:            13.698 ms
	Integration of assets:  0.001 ms
	Thread Wait Time:       0.011 ms
	Total Operation Time:   14.533 ms
Unloading 14 unused Assets / (0.8 MB). Loaded Objects now: 6653.
Memory consumption went from 0.69 GB to 0.69 GB.
Total: 14.406800 ms (FindLiveObjects: 0.454700 ms CreateObjectMapping: 0.112300 ms MarkObjects: 13.623700 ms  DeleteObjects: 0.031300 ms)

[Licensing::Client] Successfully resolved entitlement details
Asset Pipeline Refresh (id=09d1ba48e98a93d4cbc2c52f484be6b6): Total: 0.023 seconds - Initiated by RefreshV2(AllowForceSynchronousImport)
Asset Pipeline Refresh (id=6cded7fadf7117c4d9945bb8f956fdc7): Total: 0.015 seconds - Initiated by RefreshV2(AllowForceSynchronousImport)
Importing 'GUID: 9fc0d4010bbf28b4594072e72b8655ab - Path: Assets/Scenes/SampleScene.unity' with importer (DefaultImporter)
Imported 'GUID: 9fc0d4010bbf28b4594072e72b8655ab' -> (Import Result ID: '76371118dbb11a4bf46a0cb11bfd9b55') in 0.006 seconds [static dependencies only]. Details - ImportResultOutputID=969a116b839ffa7e07089be46c53aee9 DependenciesID=80bf8a824c8cf2c685e4c789230d0672 StaticDependenciesID=897d579eab16ee6abf8c9094c1ec2b90 
Refreshing native plugins compatible for Editor in 4.56 ms, found 4 plugins.
Asset Pipeline Refresh (id=8de04406943df2b41b065d5dbe55dc9c): Total: 0.063 seconds - Initiated by StopAssetImportingV2(NoUpdateAssetOptions)
Asset Pipeline Refresh (id=a145b4865086ba54d943e5a2b1737008): Total: 0.031 seconds - Initiated by RefreshV2(AllowForceSynchronousImport)
[Worker0] Imported GUID: 9fc0d4010bbf28b4594072e72b8655ab - Path: Assets/Scenes/SampleScene.unity - Importer: ScriptedImporter/UnityEditor.QuickSearchModule:UnityEditor.Search:ASIAI0B -> (ImportResultId: 'a85d06a02f53f5d8870594fe5826b84d') in 0.0701176 seconds
Importing 'GUID: fde10386cfac4a349a28d955403476b8 - Path: Assets/Material/COR_COLETA.mat' with importer (NativeFormatImporter)
Imported 'GUID: fde10386cfac4a349a28d955403476b8' -> (Import Result ID: 'd500d474a5cb89d09be5f70038f921ea') in 0.001 seconds [static dependencies only]. Details - ImportResultOutputID=e68f41f27ea08938552bdf7c24b7988b DependenciesID=75e1d95e43a03a4003fe682af05c4b20 StaticDependenciesID=7fab00522c799a185450a08ed8b359c6 
Refreshing native plugins compatible for Editor in 5.38 ms, found 4 plugins.
Asset Pipeline Refresh (id=d05867afe2308344d9c76f6eb73f962e): Total: 0.045 seconds - Initiated by StopAssetImportingV2(NoUpdateAssetOptions)
[Worker0] Imported GUID: fde10386cfac4a349a28d955403476b8 - Path: Assets/Material/COR_COLETA.mat - Importer: PreviewImporter -> (ImportResultId: '24895c7149bee88e64450f872fefa851') in 0.2526905 seconds
[Worker0] Imported GUID: fde10386cfac4a349a28d955403476b8 - Path: Assets/Material/COR_COLETA.mat - Importer: ScriptedImporter/UnityEditor.QuickSearchModule:UnityEditor.Search:ASIAI0B -> (ImportResultId: '7508a2211ffc59d6ea8f9dcea208e564') in 0.0158376 seconds
[Worker0] Imported GUID: 7e568a95dbd1e26489696f73a86f083c - Path: Assets/Scripts/PersonagemAndar.cs - Importer: PreviewImporter -> (ImportResultId: '6bc9b068c8ae0af525f49ffca9b34a24') in 0.0036048 seconds
[Licensing::Client] Successfully resolved entitlement details
Asset Pipeline Refresh (id=8b3e65979fc78354488c41dcb41223b0): Total: 0.099 seconds - Initiated by RefreshV2(AllowForceSynchronousImport)
TextMesh Pro Essential Resources are missing, which are crucial for proper functionality. To import them, go to 'Window > Text Mesh Pro > Import TMP Essential Resources' in the menu.
UnityEngine.Debug:ExtractStackTraceNoAlloc (byte*,int,string)
UnityEngine.StackTraceUtility:ExtractStackTrace ()
UnityEngine.DebugLogHandler:Internal_Log (UnityEngine.LogType,UnityEngine.LogOption,string,UnityEngine.Object)
UnityEngine.DebugLogHandler:LogFormat (UnityEngine.LogType,UnityEngine.Object,string,object[])
UnityEngine.Logger:Log (UnityEngine.LogType,object)
UnityEngine.Debug:LogError (object)
TMPro.TMP_PackageResourceImporter:OnDestroy () (at ./Library/PackageCache/com.unity.ugui@0727b404f3a0/Runtime/TMP/TMP_PackageResourceImporter.cs:30)
TMPro.TMP_PackageResourceImporterWindow:OnDestroy () (at ./Library/PackageCache/com.unity.ugui@0727b404f3a0/Runtime/TMP/TMP_PackageResourceImporter.cs:263)
UnityEngine.Object:DestroyImmediate (UnityEngine.Object,bool)
UnityEditor.DockArea:OnDestroy ()
UnityEngine.Object:DestroyImmediate (UnityEngine.Object,bool)
UnityEditor.View:OnDestroy ()
UnityEngine.Object:DestroyImmediate (UnityEngine.Object,bool)
UnityEditor.ContainerWindow:Close ()
UnityEditor.ContainerWindow:RequestCloseSentByNativeCode ()

(Filename: ./Library/PackageCache/com.unity.ugui@0727b404f3a0/Runtime/TMP/TMP_PackageResourceImporter.cs Line: 30)

Importing 'GUID: fde10386cfac4a349a28d955403476b8 - Path: Assets/Material/COR_COLETA.mat' with importer (NativeFormatImporter)
Imported 'GUID: fde10386cfac4a349a28d955403476b8' -> (Import Result ID: '5f6022c3241655e485413d9c2d8e94f5') in 0.005 seconds [static dependencies only]. Details - ImportResultOutputID=e68f41f27ea08938552bdf7c24b7988b DependenciesID=a697df69c87384530a4773956f39cbe7 StaticDependenciesID=48607b4f9d7a7eef6284d5280e075942 
Refreshing native plugins compatible for Editor in 23.06 ms, found 4 plugins.
Asset Pipeline Refresh (id=fdaa871ad9ced1d4e851cf786533ebc3): Total: 0.099 seconds - Initiated by StopAssetImportingV2(NoUpdateAssetOptions)
EndLayoutGroup: BeginLayoutGroup must be called first.
UnityEngine.Debug:ExtractStackTraceNoAlloc (byte*,int,string)
UnityEngine.StackTraceUtility:ExtractStackTrace ()
UnityEngine.DebugLogHandler:Internal_Log (UnityEngine.LogType,UnityEngine.LogOption,string,UnityEngine.Object)
UnityEngine.DebugLogHandler:LogFormat (UnityEngine.LogType,UnityEngine.Object,string,object[])
UnityEngine.Logger:Log (UnityEngine.LogType,object)
UnityEngine.Debug:LogError (object)
UnityEngine.GUILayoutUtility:EndLayoutGroup ()
UnityEngine.GUILayout:EndVertical ()
TMPro.TMP_PackageResourceImporter:OnGUI () (at ./Library/PackageCache/com.unity.ugui@0727b404f3a0/Runtime/TMP/TMP_PackageResourceImporter.cs:99)
TMPro.TMP_PackageResourceImporterWindow:OnGUI () (at ./Library/PackageCache/com.unity.ugui@0727b404f3a0/Runtime/TMP/TMP_PackageResourceImporter.cs:268)
UnityEditor.HostView:InvokeOnGUI (UnityEngine.Rect)
UnityEditor.DockArea:DrawView (UnityEngine.Rect)
UnityEditor.DockArea:OldOnGUI ()
UnityEngine.UIElements.IMGUIContainer:DoOnGUI (UnityEngine.Event,UnityEngine.Matrix4x4,UnityEngine.Rect,bool,UnityEngine.Rect,System.Action,bool)
UnityEngine.UIElements.IMGUIContainer:HandleIMGUIEvent (UnityEngine.Event,UnityEngine.Matrix4x4,UnityEngine.Rect,System.Action,bool)
UnityEngine.UIElements.IMGUIContainer:HandleIMGUIEvent (UnityEngine.Event,System.Action,bool)
UnityEngine.UIElements.IMGUIContainer:HandleIMGUIEvent (UnityEngine.Event,bool)
UnityEngine.UIElements.IMGUIContainer:SendEventToIMGUIRaw (UnityEngine.UIElements.EventBase,bool,bool)
UnityEngine.UIElements.IMGUIContainer:SendEventToIMGUI (UnityEngine.UIElements.EventBase,bool,bool)
UnityEngine.UIElements.IMGUIContainer:HandleEventBubbleUp (UnityEngine.UIElements.EventBase)
UnityEngine.UIElements.EventDispatchUtilities:HandleEventAcrossPropagationPathWithCompatibilityEvent (UnityEngine.UIElements.EventBase,UnityEngine.UIElements.EventBase,UnityEngine.UIElements.BaseVisualElementPanel,UnityEngine.UIElements.VisualElement,bool)
UnityEngine.UIElements.EventDispatchUtilities:DispatchToCapturingElementOrElementUnderPointer (UnityEngine.UIElements.EventBase,UnityEngine.UIElements.BaseVisualElementPanel,int,UnityEngine.Vector2)
UnityEngine.UIElements.PointerUpEvent:Dispatch (UnityEngine.UIElements.BaseVisualElementPanel)
UnityEngine.UIElements.EventDispatcher:ProcessEvent (UnityEngine.UIElements.EventBase,UnityEngine.UIElements.BaseVisualElementPanel)
UnityEngine.UIElements.EventDispatcher:Dispatch (UnityEngine.UIElements.EventBase,UnityEngine.UIElements.BaseVisualElementPanel,UnityEngine.UIElements.DispatchMode)
UnityEngine.UIElements.BaseVisualElementPanel:SendEvent (UnityEngine.UIElements.EventBase,UnityEngine.UIElements.DispatchMode)
UnityEditor.UIElements.EditorEventDispatchUtility:DoDispatch (UnityEngine.UIElements.BaseVisualElementPanel,UnityEngine.Event)
UnityEditor.UIElements.DefaultWindowBackend:ProcessEvent (UnityEngine.Event)
UnityEditor.GUIView:ProcessEvent (UnityEngine.EntityId,intptr,bool&)

(Filename: ./Library/PackageCache/com.unity.ugui@0727b404f3a0/Runtime/TMP/TMP_PackageResourceImporter.cs Line: 99)

EndLayoutGroup: BeginLayoutGroup must be called first.
UnityEngine.Debug:ExtractStackTraceNoAlloc (byte*,int,string)
UnityEngine.StackTraceUtility:ExtractStackTrace ()
UnityEngine.DebugLogHandler:Internal_Log (UnityEngine.LogType,UnityEngine.LogOption,string,UnityEngine.Object)
UnityEngine.DebugLogHandler:LogFormat (UnityEngine.LogType,UnityEngine.Object,string,object[])
UnityEngine.Logger:Log (UnityEngine.LogType,object)
UnityEngine.Debug:LogError (object)
UnityEngine.GUILayoutUtility:EndLayoutGroup ()
UnityEditor.GUIView:EndOffsetArea ()
UnityEditor.HostView:InvokeOnGUI (UnityEngine.Rect)
UnityEditor.DockArea:DrawView (UnityEngine.Rect)
UnityEditor.DockArea:OldOnGUI ()
UnityEngine.UIElements.IMGUIContainer:DoOnGUI (UnityEngine.Event,UnityEngine.Matrix4x4,UnityEngine.Rect,bool,UnityEngine.Rect,System.Action,bool)
UnityEngine.UIElements.IMGUIContainer:HandleIMGUIEvent (UnityEngine.Event,UnityEngine.Matrix4x4,UnityEngine.Rect,System.Action,bool)
UnityEngine.UIElements.IMGUIContainer:HandleIMGUIEvent (UnityEngine.Event,System.Action,bool)
UnityEngine.UIElements.IMGUIContainer:HandleIMGUIEvent (UnityEngine.Event,bool)
UnityEngine.UIElements.IMGUIContainer:SendEventToIMGUIRaw (UnityEngine.UIElements.EventBase,bool,bool)
UnityEngine.UIElements.IMGUIContainer:SendEventToIMGUI (UnityEngine.UIElements.EventBase,bool,bool)
UnityEngine.UIElements.IMGUIContainer:HandleEventBubbleUp (UnityEngine.UIElements.EventBase)
UnityEngine.UIElements.EventDispatchUtilities:HandleEventAcrossPropagationPathWithCompatibilityEvent (UnityEngine.UIElements.EventBase,UnityEngine.UIElements.EventBase,UnityEngine.UIElements.BaseVisualElementPanel,UnityEngine.UIElements.VisualElement,bool)
UnityEngine.UIElements.EventDispatchUtilities:DispatchToCapturingElementOrElementUnderPointer (UnityEngine.UIElements.EventBase,UnityEngine.UIElements.BaseVisualElementPanel,int,UnityEngine.Vector2)
UnityEngine.UIElements.PointerUpEvent:Dispatch (UnityEngine.UIElements.BaseVisualElementPanel)
UnityEngine.UIElements.EventDispatcher:ProcessEvent (UnityEngine.UIElements.EventBase,UnityEngine.UIElements.BaseVisualElementPanel)
UnityEngine.UIElements.EventDispatcher:Dispatch (UnityEngine.UIElements.EventBase,UnityEngine.UIElements.BaseVisualElementPanel,UnityEngine.UIElements.DispatchMode)
UnityEngine.UIElements.BaseVisualElementPanel:SendEvent (UnityEngine.UIElements.EventBase,UnityEngine.UIElements.DispatchMode)
UnityEditor.UIElements.EditorEventDispatchUtility:DoDispatch (UnityEngine.UIElements.BaseVisualElementPanel,UnityEngine.Event)
UnityEditor.UIElements.DefaultWindowBackend:ProcessEvent (UnityEngine.Event)
UnityEditor.GUIView:ProcessEvent (UnityEngine.EntityId,intptr,bool&)

[Worker0] Imported GUID: fde10386cfac4a349a28d955403476b8 - Path: Assets/Material/COR_COLETA.mat - Importer: ScriptedImporter/UnityEditor.QuickSearchModule:UnityEditor.Search:ASIAI0B -> (ImportResultId: '001513bff5f8a6637c4b4f0110bad5e3') in 0.0035522 seconds
TextMesh Pro Essential Resources are missing, which are crucial for proper functionality. To import them, go to 'Window > Text Mesh Pro > Import TMP Essential Resources' in the menu.
UnityEngine.Debug:ExtractStackTraceNoAlloc (byte*,int,string)
UnityEngine.StackTraceUtility:ExtractStackTrace ()
UnityEngine.DebugLogHandler:Internal_Log (UnityEngine.LogType,UnityEngine.LogOption,string,UnityEngine.Object)
UnityEngine.DebugLogHandler:LogFormat (UnityEngine.LogType,UnityEngine.Object,string,object[])
UnityEngine.Logger:Log (UnityEngine.LogType,object)
UnityEngine.Debug:LogError (object)
TMPro.TMP_PackageResourceImporter:OnDestroy () (at ./Library/PackageCache/com.unity.ugui@0727b404f3a0/Runtime/TMP/TMP_PackageResourceImporter.cs:30)
TMPro.TMP_PackageResourceImporterWindow:OnDestroy () (at ./Library/PackageCache/com.unity.ugui@0727b404f3a0/Runtime/TMP/TMP_PackageResourceImporter.cs:263)
UnityEngine.Object:DestroyImmediate (UnityEngine.Object,bool)
UnityEditor.DockArea:OnDestroy ()
UnityEngine.Object:DestroyImmediate (UnityEngine.Object,bool)
UnityEditor.View:OnDestroy ()
UnityEngine.Object:DestroyImmediate (UnityEngine.Object,bool)
UnityEditor.ContainerWindow:Close ()
UnityEditor.ContainerWindow:RequestCloseSentByNativeCode ()

(Filename: ./Library/PackageCache/com.unity.ugui@0727b404f3a0/Runtime/TMP/TMP_PackageResourceImporter.cs Line: 30)

TextMesh Pro Essential Resources are missing, which are crucial for proper functionality. To import them, go to 'Window > Text Mesh Pro > Import TMP Essential Resources' in the menu.
UnityEngine.Debug:ExtractStackTraceNoAlloc (byte*,int,string)
UnityEngine.StackTraceUtility:ExtractStackTrace ()
UnityEngine.DebugLogHandler:Internal_Log (UnityEngine.LogType,UnityEngine.LogOption,string,UnityEngine.Object)
UnityEngine.DebugLogHandler:LogFormat (UnityEngine.LogType,UnityEngine.Object,string,object[])
UnityEngine.Logger:Log (UnityEngine.LogType,object)
UnityEngine.Debug:LogError (object)
TMPro.TMP_PackageResourceImporter:OnDestroy () (at ./Library/PackageCache/com.unity.ugui@0727b404f3a0/Runtime/TMP/TMP_PackageResourceImporter.cs:30)
TMPro.TMP_PackageResourceImporterWindow:OnDestroy () (at ./Library/PackageCache/com.unity.ugui@0727b404f3a0/Runtime/TMP/TMP_PackageResourceImporter.cs:263)
UnityEngine.Object:DestroyImmediate (UnityEngine.Object,bool)
UnityEditor.DockArea:OnDestroy ()
UnityEngine.Object:DestroyImmediate (UnityEngine.Object,bool)
UnityEditor.View:OnDestroy ()
UnityEngine.Object:DestroyImmediate (UnityEngine.Object,bool)
UnityEditor.ContainerWindow:Close ()
UnityEditor.ContainerWindow:RequestCloseSentByNativeCode ()

(Filename: ./Library/PackageCache/com.unity.ugui@0727b404f3a0/Runtime/TMP/TMP_PackageResourceImporter.cs Line: 30)

[Licensing::Client] Successfully updated the access token
[Licensing::Module] Successfully updated access token: "gDS0xXg7"... (expires: 2026-10-06T15:15:00Z)
[Licensing::Client] Successfully updated the access token
[Licensing::Module] Successfully updated access token: "gDS0xXg7"... (expires: 2026-10-06T15:15:02Z)
[Licensing::Client] Successfully resolved entitlement details
[Licensing::Client] Successfully resolved entitlement details
Asset Pipeline Refresh (id=6bc271a40c8499f45b87ebdee9709aa9): Total: 0.031 seconds - Initiated by RefreshV2(AllowForceSynchronousImport)
Reloading assemblies for play mode.
Reloading assemblies after forced synchronous recompile.
[Licensing::Client] Successfully resolved entitlement details
Begin MonoManager ReloadAssembly
Refreshing native plugins compatible for Editor in 6.34 ms, found 4 plugins.
[Licensing::Client] Successfully resolved entitlement details
Native extension for Android target not found
Native extension for WindowsStandalone target not found
ScheduleIndexationOnStartup MainProcess:True IndexOnStartup:True
[MODES] ModeService[none].Initialize
[MODES] ModeService[none].LoadModes
Scripting: successfully reloaded assembly
- Finished resetting the current domain, in  1.619 seconds
Domain Reload Profiling: 3037ms
	BeginReloadAssembly (934ms)
		DisableScriptedObjects (188ms)
		CreateAndSetChildDomain (338ms)
	RebuildCommonClasses (8ms)
	RebuildNativeTypeToScriptingClass (12ms)
	initialDomainReloadingComplete (142ms)
	LoadAllAssembliesAndSetupDomain (321ms)
		LoadAssemblies (483ms)
		TypeCache.Refresh (7ms)
		AnalyzeDomain (6ms)
			ResolveRequiredComponents (3ms)
	FinalizeReload (1620ms)
		SetupLoadedEditorAssemblies (0ms)
			InitializePlatformSupportModulesInManaged (13ms)
			BeforeProcessingInitializeOnLoad (77ms)
			ProcessInitializeOnLoadAttributes (288ms)
			ProcessInitializeOnLoadMethodAttributes (29ms)
			AfterProcessingInitializeOnLoad (5ms)
		AwakeInstancesAfterBackupRestoration (694ms)

Asset Pipeline Refresh (id=4d25b2b55cbf13e4795cb9aeaf86db7d): Total: 6.477 seconds - Initiated by StopAssetImportingV2(ForceSynchronousImport | ForceDomainReload)
	(Values over 0.05ms)
	Summary:
		Imports: total=0 (actual=0, local cache=0, cache server=0)
		Asset DB Process Time: managed=0 ms, native=1710 ms
		Asset DB Callback time: managed=15 ms, native=1 ms
		Scripting: domain reloads=1, domain reload time=4739 ms, compile time=10 ms, other=0 ms
		Project Asset Count: scripts=836, non-scripts=941
		Asset File Changes: new=0, changed=0, moved=0, deleted=0
		Scan Filter Count: 0
	InvokePackagesCallback: 6.376ms
	ApplyChangesToAssetFolders: 0.196ms
	Collect global state as custom dependencies: 3.401ms
	ProcessAssetsWithTransientArtifactChanges: 0.135ms
	CategorizeAssets: 11.314ms
	CompileScripts: 9.841ms
	ImportOutOfDateAssets: 1629.698ms (1628.531ms without children)
		UnloadImportedAssets: 0.545ms
		EnsureUptoDateAssetsAreRegisteredWithGuidPM: 0.200ms
		ImportSchedulerStart: 0.313ms
	PostProcessAllAssets: 15.999ms
		MonoPostProcessAllAssets: 15.995ms
			WindowAssetPostprocessingWatcher.OnPostprocessAllAssets 4.393ms
			SyncVS.PostprocessSyncProject 2.248ms
			ProjectSettingsPostprocessor.OnPostprocessAllAssets 0.593ms
			SpeedTree9Postprocessor.OnPostprocessAllAssets 0.571ms
			ConfigAssetsTracker.OnPostprocessAllAssets 0.416ms
			InputActionAssetPostprocessor.OnPostprocessAllAssets 0.214ms
			EditModeScopePostprocessor.OnPostprocessAllAssets 0.211ms
			ReferencedClipsPostProcessor.OnPostprocessAllAssets 0.191ms
			AssetDatabaseCallbacks.OnPostprocessAllAssets 0.118ms
			TerrainToolbarOverlayPostProcessor.OnPostprocessAllAssets 0.112ms
			RenderPipelineGlobalSettingsPostprocessor.OnPostprocessAllAssets 0.063ms
	GatherAllCurrentPrimaryImportResultRevisions: 0.065ms
	GenerateScriptTypeHashes: 0.575ms
	GenerateScriptTypeSerializationHashes: 1.052ms
	Untracked: 4772.088ms

Loaded scene 'Temp/__Backupscenes/0.backup'
	Deserialize:            1.780 ms
	Integration:            238.020 ms
	Integration of assets:  0.002 ms
	Thread Wait Time:       0.012 ms
	Total Operation Time:   239.813 ms
[Licensing::Client] Successfully resolved entitlement details
[Licensing::Client] Successfully resolved entitlement details
Unloading 2 Unused Serialized files (Serialized files now loaded: 0)
Loaded scene 'Temp/__Backupscenes/0.backup'
	Deserialize:            1.052 ms
	Integration:            18.356 ms
	Integration of assets:  0.001 ms
	Thread Wait Time:       0.008 ms
	Total Operation Time:   19.417 ms
Unloading 63 unused Assets / (30.1 MB). Loaded Objects now: 6823.
Memory consumption went from 0.74 GB to 0.71 GB.
Total: 22.232400 ms (FindLiveObjects: 0.648100 ms CreateObjectMapping: 0.105200 ms MarkObjects: 19.980900 ms  DeleteObjects: 1.301800 ms)

[Licensing::Client] Successfully resolved entitlement details
Reloading assemblies for play mode.
Reloading assemblies after forced synchronous recompile.
Begin MonoManager ReloadAssembly
Refreshing native plugins compatible for Editor in 3.08 ms, found 4 plugins.
Native extension for Android target not found
Native extension for WindowsStandalone target not found
ScheduleIndexationOnStartup MainProcess:True IndexOnStartup:True
[MODES] ModeService[none].Initialize
[MODES] ModeService[none].LoadModes
Scripting: successfully reloaded assembly
- Finished resetting the current domain, in  1.452 seconds
Domain Reload Profiling: 2490ms
	BeginReloadAssembly (681ms)
		DisableScriptedObjects (113ms)
		CreateAndSetChildDomain (217ms)
	RebuildCommonClasses (8ms)
	RebuildNativeTypeToScriptingClass (12ms)
	initialDomainReloadingComplete (146ms)
	LoadAllAssembliesAndSetupDomain (189ms)
		LoadAssemblies (368ms)
		TypeCache.Refresh (6ms)
		AnalyzeDomain (4ms)
	FinalizeReload (1453ms)
		SetupLoadedEditorAssemblies (0ms)
			InitializePlatformSupportModulesInManaged (27ms)
			BeforeProcessingInitializeOnLoad (93ms)
			ProcessInitializeOnLoadAttributes (271ms)
			ProcessInitializeOnLoadMethodAttributes (32ms)
			AfterProcessingInitializeOnLoad (6ms)
		AwakeInstancesAfterBackupRestoration (611ms)

Asset Pipeline Refresh (id=ede797d55f3516d48b8b0402e21a4374): Total: 2.747 seconds - Initiated by StopAssetImportingV2(ForceSynchronousImport | ForceDomainReload)
	(Values over 0.05ms)
	Summary:
		Imports: total=0 (actual=0, local cache=0, cache server=0)
		Asset DB Process Time: managed=0 ms, native=1536 ms
		Asset DB Callback time: managed=21 ms, native=1 ms
		Scripting: domain reloads=1, domain reload time=1178 ms, compile time=8 ms, other=0 ms
		Project Asset Count: scripts=836, non-scripts=941
		Asset File Changes: new=0, changed=0, moved=0, deleted=0
		Scan Filter Count: 0
	InvokePackagesCallback: 6.875ms
	ApplyChangesToAssetFolders: 0.168ms
	Collect global state as custom dependencies: 4.977ms
	ProcessAssetsWithTransientArtifactChanges: 0.093ms
	CategorizeAssets: 9.655ms
	CompileScripts: 7.950ms
	ImportOutOfDateAssets: 1462.449ms (1461.450ms without children)
		UnloadImportedAssets: 0.467ms
		EnsureUptoDateAssetsAreRegisteredWithGuidPM: 0.205ms
		ImportSchedulerStart: 0.305ms
	PostProcessAllAssets: 21.976ms
		MonoPostProcessAllAssets: 21.972ms
			WindowAssetPostprocessingWatcher.OnPostprocessAllAssets 5.804ms
			SyncVS.PostprocessSyncProject 2.534ms
			InputActionAssetPostprocessor.OnPostprocessAllAssets 1.173ms
			ProjectSettingsPostprocessor.OnPostprocessAllAssets 1.073ms
			SpeedTree9Postprocessor.OnPostprocessAllAssets 0.889ms
			TerrainToolbarOverlayPostProcessor.OnPostprocessAllAssets 0.664ms
			ConfigAssetsTracker.OnPostprocessAllAssets 0.416ms
			ReferencedClipsPostProcessor.OnPostprocessAllAssets 0.302ms
			EditModeScopePostprocessor.OnPostprocessAllAssets 0.221ms
			AssetDatabaseCallbacks.OnPostprocessAllAssets 0.177ms
			RenderPipelineGlobalSettingsPostprocessor.OnPostprocessAllAssets 0.086ms
	GatherAllCurrentPrimaryImportResultRevisions: 0.066ms
	UnloadStreamsBegin: 0.069ms
	GenerateScriptTypeHashes: 0.510ms
	GenerateScriptTypeSerializationHashes: 1.101ms
	Untracked: 1201.246ms

Loaded scene 'Temp/__Backupscenes/0.backup'
	Deserialize:            1.195 ms
	Integration:            254.677 ms
	Integration of assets:  0.002 ms
	Thread Wait Time:       0.010 ms
	Total Operation Time:   255.885 ms
[Licensing::Client] Successfully resolved entitlement details
[Licensing::Client] Successfully resolved entitlement details
Unloading 2 Unused Serialized files (Serialized files now loaded: 0)
Loaded scene 'Temp/__Backupscenes/0.backup'
	Deserialize:            1.039 ms
	Integration:            13.224 ms
	Integration of assets:  0.001 ms
	Thread Wait Time:       0.010 ms
	Total Operation Time:   14.274 ms
Unloading 20 unused Assets / (29.5 MB). Loaded Objects now: 6805.
Memory consumption went from 0.74 GB to 0.71 GB.
Total: 14.782700 ms (FindLiveObjects: 0.395600 ms CreateObjectMapping: 0.103600 ms MarkObjects: 13.458400 ms  DeleteObjects: 0.611000 ms)

Reloading assemblies for play mode.
Reloading assemblies after forced synchronous recompile.
Begin MonoManager ReloadAssembly
Refreshing native plugins compatible for Editor in 6.27 ms, found 4 plugins.
Native extension for Android target not found
Native extension for WindowsStandalone target not found
ScheduleIndexationOnStartup MainProcess:True IndexOnStartup:True
[MODES] ModeService[none].Initialize
[MODES] ModeService[none].LoadModes
Scripting: successfully reloaded assembly
- Finished resetting the current domain, in  1.494 seconds
Domain Reload Profiling: 2460ms
	BeginReloadAssembly (637ms)
		DisableScriptedObjects (141ms)
		CreateAndSetChildDomain (194ms)
	RebuildCommonClasses (9ms)
	RebuildNativeTypeToScriptingClass (12ms)
	initialDomainReloadingComplete (128ms)
	LoadAllAssembliesAndSetupDomain (180ms)
		LoadAssemblies (305ms)
		TypeCache.Refresh (6ms)
		AnalyzeDomain (4ms)
	FinalizeReload (1495ms)
		SetupLoadedEditorAssemblies (0ms)
			InitializePlatformSupportModulesInManaged (14ms)
			BeforeProcessingInitializeOnLoad (83ms)
			ProcessInitializeOnLoadAttributes (257ms)
			ProcessInitializeOnLoadMethodAttributes (31ms)
			AfterProcessingInitializeOnLoad (6ms)
		AwakeInstancesAfterBackupRestoration (659ms)

Asset Pipeline Refresh (id=8ef57ce08585bb44f91c37a0322c0983): Total: 2.723 seconds - Initiated by StopAssetImportingV2(ForceSynchronousImport | ForceDomainReload)
	(Values over 0.05ms)
	Summary:
		Imports: total=0 (actual=0, local cache=0, cache server=0)
		Asset DB Process Time: managed=0 ms, native=1584 ms
		Asset DB Callback time: managed=16 ms, native=1 ms
		Scripting: domain reloads=1, domain reload time=1115 ms, compile time=6 ms, other=0 ms
		Project Asset Count: scripts=836, non-scripts=941
		Asset File Changes: new=0, changed=0, moved=0, deleted=0
		Scan Filter Count: 0
	InvokePackagesCallback: 5.333ms
	ApplyChangesToAssetFolders: 0.177ms
	Collect global state as custom dependencies: 2.218ms
	ProcessAssetsWithTransientArtifactChanges: 0.090ms
	CategorizeAssets: 12.903ms
	CompileScripts: 5.781ms
	ImportOutOfDateAssets: 1511.824ms (1510.540ms without children)
		UnloadImportedAssets: 0.761ms
		EnsureUptoDateAssetsAreRegisteredWithGuidPM: 0.215ms
		ImportSchedulerStart: 0.292ms
	PostProcessAllAssets: 16.269ms
		MonoPostProcessAllAssets: 16.265ms
			WindowAssetPostprocessingWatcher.OnPostprocessAllAssets 4.359ms
			SyncVS.PostprocessSyncProject 2.691ms
			ProjectSettingsPostprocessor.OnPostprocessAllAssets 0.626ms
			SpeedTree9Postprocessor.OnPostprocessAllAssets 0.572ms
			ConfigAssetsTracker.OnPostprocessAllAssets 0.416ms
			InputActionAssetPostprocessor.OnPostprocessAllAssets 0.231ms
			ReferencedClipsPostProcessor.OnPostprocessAllAssets 0.224ms
			EditModeScopePostprocessor.OnPostprocessAllAssets 0.216ms
			AssetDatabaseCallbacks.OnPostprocessAllAssets 0.112ms
			TerrainToolbarOverlayPostProcessor.OnPostprocessAllAssets 0.110ms
			RenderPipelineGlobalSettingsPostprocessor.OnPostprocessAllAssets 0.068ms
	GatherAllCurrentPrimaryImportResultRevisions: 0.067ms
	GenerateScriptTypeHashes: 0.631ms
	GenerateScriptTypeSerializationHashes: 1.237ms
	Untracked: 1139.750ms

Loaded scene 'Temp/__Backupscenes/0.backup'
	Deserialize:            1.289 ms
	Integration:            249.222 ms
	Integration of assets:  0.002 ms
	Thread Wait Time:       0.013 ms
	Total Operation Time:   250.525 ms
[Licensing::Client] Successfully resolved entitlement details
[Licensing::Client] Successfully resolved entitlement details
Unloading 2 Unused Serialized files (Serialized files now loaded: 0)
Loaded scene 'Temp/__Backupscenes/0.backup'
	Deserialize:            1.069 ms
	Integration:            14.749 ms
	Integration of assets:  0.001 ms
	Thread Wait Time:       0.010 ms
	Total Operation Time:   15.829 ms
Unloading 15 unused Assets / (0.7 MB). Loaded Objects now: 6815.
Memory consumption went from 0.72 GB to 0.72 GB.
Total: 14.851100 ms (FindLiveObjects: 0.800600 ms CreateObjectMapping: 0.125300 ms MarkObjects: 13.680100 ms  DeleteObjects: 0.043400 ms)

[Licensing::Client] Successfully resolved entitlement details
Reloading assemblies for play mode.
Reloading assemblies after forced synchronous recompile.
Begin MonoManager ReloadAssembly
Refreshing native plugins compatible for Editor in 4.76 ms, found 4 plugins.
[Licensing::Client] Successfully resolved entitlement details
Native extension for Android target not found
Native extension for WindowsStandalone target not found
ScheduleIndexationOnStartup MainProcess:True IndexOnStartup:True
[MODES] ModeService[none].Initialize
[MODES] ModeService[none].LoadModes
Scripting: successfully reloaded assembly
- Finished resetting the current domain, in  1.465 seconds
Domain Reload Profiling: 2421ms
	BeginReloadAssembly (619ms)
		DisableScriptedObjects (118ms)
		CreateAndSetChildDomain (211ms)
	RebuildCommonClasses (9ms)
	RebuildNativeTypeToScriptingClass (12ms)
	initialDomainReloadingComplete (123ms)
	LoadAllAssembliesAndSetupDomain (192ms)
		LoadAssemblies (305ms)
		TypeCache.Refresh (6ms)
		AnalyzeDomain (4ms)
	FinalizeReload (1466ms)
		SetupLoadedEditorAssemblies (0ms)
			InitializePlatformSupportModulesInManaged (14ms)
			BeforeProcessingInitializeOnLoad (87ms)
			ProcessInitializeOnLoadAttributes (262ms)
			ProcessInitializeOnLoadMethodAttributes (29ms)
			AfterProcessingInitializeOnLoad (6ms)
		AwakeInstancesAfterBackupRestoration (654ms)

Asset Pipeline Refresh (id=844a09d36cbd4854996be7cac8957de5): Total: 2.654 seconds - Initiated by StopAssetImportingV2(ForceSynchronousImport | ForceDomainReload)
	(Values over 0.05ms)
	Summary:
		Imports: total=0 (actual=0, local cache=0, cache server=0)
		Asset DB Process Time: managed=0 ms, native=1554 ms
		Asset DB Callback time: managed=15 ms, native=1 ms
		Scripting: domain reloads=1, domain reload time=1078 ms, compile time=3 ms, other=0 ms
		Project Asset Count: scripts=836, non-scripts=941
		Asset File Changes: new=0, changed=0, moved=0, deleted=0
		Scan Filter Count: 0
	InvokePackagesCallback: 5.674ms
	ApplyChangesToAssetFolders: 0.169ms
	Collect global state as custom dependencies: 2.809ms
	ProcessAssetsWithTransientArtifactChanges: 0.115ms
	CategorizeAssets: 7.975ms
	CompileScripts: 3.310ms
	ImportOutOfDateAssets: 1477.135ms (1476.134ms without children)
		UnloadImportedAssets: 0.510ms
		EnsureUptoDateAssetsAreRegisteredWithGuidPM: 0.199ms
		ImportSchedulerStart: 0.276ms
	PostProcessAllAssets: 15.361ms
		MonoPostProcessAllAssets: 15.359ms
			WindowAssetPostprocessingWatcher.OnPostprocessAllAssets 4.010ms
			SyncVS.PostprocessSyncProject 2.172ms
			SpeedTree9Postprocessor.OnPostprocessAllAssets 0.608ms
			ProjectSettingsPostprocessor.OnPostprocessAllAssets 0.573ms
			ConfigAssetsTracker.OnPostprocessAllAssets 0.416ms
			EditModeScopePostprocessor.OnPostprocessAllAssets 0.212ms
			InputActionAssetPostprocessor.OnPostprocessAllAssets 0.209ms
			ReferencedClipsPostProcessor.OnPostprocessAllAssets 0.185ms
			AssetDatabaseCallbacks.OnPostprocessAllAssets 0.114ms
			TerrainToolbarOverlayPostProcessor.OnPostprocessAllAssets 0.108ms
			RenderPipelineGlobalSettingsPostprocessor.OnPostprocessAllAssets 0.056ms
	GatherAllCurrentPrimaryImportResultRevisions: 0.150ms
	GenerateScriptTypeHashes: 0.431ms
	GenerateScriptTypeSerializationHashes: 0.939ms
	Untracked: 1107.825ms

Loaded scene 'Temp/__Backupscenes/0.backup'
	Deserialize:            2.145 ms
	Integration:            239.579 ms
	Integration of assets:  0.002 ms
	Thread Wait Time:       0.008 ms
	Total Operation Time:   241.735 ms
[Licensing::Client] Successfully resolved entitlement details
[Licensing::Client] Successfully resolved entitlement details
Unloading 2 Unused Serialized files (Serialized files now loaded: 0)
Loaded scene 'Temp/__Backupscenes/0.backup'
	Deserialize:            1.071 ms
	Integration:            14.104 ms
	Integration of assets:  0.001 ms
	Thread Wait Time:       0.011 ms
	Total Operation Time:   15.188 ms
Unloading 15 unused Assets / (461.4 KB). Loaded Objects now: 6811.
Memory consumption went from 0.72 GB to 0.72 GB.
Total: 14.518600 ms (FindLiveObjects: 0.556100 ms CreateObjectMapping: 0.083400 ms MarkObjects: 13.627900 ms  DeleteObjects: 0.050900 ms)

Reloading assemblies for play mode.
Reloading assemblies after forced synchronous recompile.
Begin MonoManager ReloadAssembly
Refreshing native plugins compatible for Editor in 7.42 ms, found 4 plugins.
Native extension for Android target not found
Native extension for WindowsStandalone target not found
ScheduleIndexationOnStartup MainProcess:True IndexOnStartup:True
[MODES] ModeService[none].Initialize
[MODES] ModeService[none].LoadModes
Scripting: successfully reloaded assembly
- Finished resetting the current domain, in  1.497 seconds
Domain Reload Profiling: 2610ms
	BeginReloadAssembly (730ms)
		DisableScriptedObjects (139ms)
		CreateAndSetChildDomain (224ms)
	RebuildCommonClasses (14ms)
	RebuildNativeTypeToScriptingClass (12ms)
	initialDomainReloadingComplete (142ms)
	LoadAllAssembliesAndSetupDomain (213ms)
		LoadAssemblies (392ms)
		TypeCache.Refresh (6ms)
		AnalyzeDomain (6ms)
			ResolveRequiredComponents (5ms)
	FinalizeReload (1498ms)
		SetupLoadedEditorAssemblies (0ms)
			LogAssemblyErrors (3ms)
			InitializePlatformSupportModulesInManaged (14ms)
			BeforeProcessingInitializeOnLoad (92ms)
			ProcessInitializeOnLoadAttributes (270ms)
			ProcessInitializeOnLoadMethodAttributes (32ms)
			AfterProcessingInitializeOnLoad (6ms)
		AwakeInstancesAfterBackupRestoration (675ms)

Asset Pipeline Refresh (id=2ed9f00444de4d54bb008837b5bf5498): Total: 2.856 seconds - Initiated by StopAssetImportingV2(ForceSynchronousImport | ForceDomainReload)
	(Values over 0.05ms)
	Summary:
		Imports: total=0 (actual=0, local cache=0, cache server=0)
		Asset DB Process Time: managed=0 ms, native=1600 ms
		Asset DB Callback time: managed=15 ms, native=0 ms
		Scripting: domain reloads=1, domain reload time=1235 ms, compile time=3 ms, other=0 ms
		Project Asset Count: scripts=836, non-scripts=941
		Asset File Changes: new=0, changed=0, moved=0, deleted=0
		Scan Filter Count: 0
	InvokePackagesCallback: 5.034ms
	ApplyChangesToAssetFolders: 0.170ms
	Collect global state as custom dependencies: 2.679ms
	ProcessAssetsWithTransientArtifactChanges: 0.082ms
	CategorizeAssets: 8.946ms
	CompileScripts: 3.243ms
	ImportOutOfDateAssets: 1517.050ms (1515.719ms without children)
		UnloadImportedAssets: 0.754ms
		EnsureUptoDateAssetsAreRegisteredWithGuidPM: 0.260ms
		ImportSchedulerStart: 0.299ms
	PostProcessAllAssets: 15.125ms
		MonoPostProcessAllAssets: 15.122ms
			WindowAssetPostprocessingWatcher.OnPostprocessAllAssets 4.096ms
			SyncVS.PostprocessSyncProject 2.180ms
			ProjectSettingsPostprocessor.OnPostprocessAllAssets 0.595ms
			SpeedTree9Postprocessor.OnPostprocessAllAssets 0.570ms
			ConfigAssetsTracker.OnPostprocessAllAssets 0.416ms
			EditModeScopePostprocessor.OnPostprocessAllAssets 0.214ms
			InputActionAssetPostprocessor.OnPostprocessAllAssets 0.202ms
			ReferencedClipsPostProcessor.OnPostprocessAllAssets 0.200ms
			AssetDatabaseCallbacks.OnPostprocessAllAssets 0.124ms
			TerrainToolbarOverlayPostProcessor.OnPostprocessAllAssets 0.108ms
			RenderPipelineGlobalSettingsPostprocessor.OnPostprocessAllAssets 0.063ms
	GatherAllCurrentPrimaryImportResultRevisions: 0.083ms
	GenerateScriptTypeHashes: 0.474ms
	GenerateScriptTypeSerializationHashes: 1.033ms
	Untracked: 1273.106ms

Loaded scene 'Temp/__Backupscenes/0.backup'
	Deserialize:            1.188 ms
	Integration:            244.130 ms
	Integration of assets:  0.001 ms
	Thread Wait Time:       0.013 ms
	Total Operation Time:   245.333 ms
[Licensing::Client] Successfully resolved entitlement details
[Licensing::Client] Successfully resolved entitlement details
Unloading 2 Unused Serialized files (Serialized files now loaded: 0)
Loaded scene 'Temp/__Backupscenes/0.backup'
	Deserialize:            0.997 ms
	Integration:            14.798 ms
	Integration of assets:  0.001 ms
	Thread Wait Time:       0.012 ms
	Total Operation Time:   15.808 ms
Unloading 15 unused Assets / (1.7 KB). Loaded Objects now: 6814.
Memory consumption went from 0.72 GB to 0.72 GB.
Total: 14.389800 ms (FindLiveObjects: 0.558300 ms CreateObjectMapping: 0.161800 ms MarkObjects: 13.392500 ms  DeleteObjects: 0.046400 ms)

Reloading assemblies for play mode.
Reloading assemblies after forced synchronous recompile.
[Licensing::Client] Successfully resolved entitlement details
Begin MonoManager ReloadAssembly
Refreshing native plugins compatible for Editor in 4.05 ms, found 4 plugins.
[Licensing::Client] Successfully resolved entitlement details
Native extension for Android target not found
Native extension for WindowsStandalone target not found
ScheduleIndexationOnStartup MainProcess:True IndexOnStartup:True
[MODES] ModeService[none].Initialize
[MODES] ModeService[none].LoadModes
Scripting: successfully reloaded assembly
- Finished resetting the current domain, in  1.394 seconds
Domain Reload Profiling: 2349ms
	BeginReloadAssembly (627ms)
		DisableScriptedObjects (104ms)
		CreateAndSetChildDomain (203ms)
	RebuildCommonClasses (9ms)
	RebuildNativeTypeToScriptingClass (12ms)
	initialDomainReloadingComplete (133ms)
	LoadAllAssembliesAndSetupDomain (174ms)
		LoadAssemblies (322ms)
		TypeCache.Refresh (6ms)
		AnalyzeDomain (4ms)
	FinalizeReload (1394ms)
		SetupLoadedEditorAssemblies (0ms)
			InitializePlatformSupportModulesInManaged (11ms)
			BeforeProcessingInitializeOnLoad (79ms)
			ProcessInitializeOnLoadAttributes (252ms)
			ProcessInitializeOnLoadMethodAttributes (29ms)
			AfterProcessingInitializeOnLoad (6ms)
		AwakeInstancesAfterBackupRestoration (621ms)

Asset Pipeline Refresh (id=13d56d32f949b8141a3c7d21980b951a): Total: 2.606 seconds - Initiated by StopAssetImportingV2(ForceSynchronousImport | ForceDomainReload)
	(Values over 0.05ms)
	Summary:
		Imports: total=0 (actual=0, local cache=0, cache server=0)
		Asset DB Process Time: managed=0 ms, native=1469 ms
		Asset DB Callback time: managed=15 ms, native=1 ms
		Scripting: domain reloads=1, domain reload time=1113 ms, compile time=5 ms, other=0 ms
		Project Asset Count: scripts=836, non-scripts=941
		Asset File Changes: new=0, changed=0, moved=0, deleted=0
		Scan Filter Count: 0
	InvokePackagesCallback: 5.963ms
	ApplyChangesToAssetFolders: 0.173ms
	Collect global state as custom dependencies: 2.715ms
	ProcessAssetsWithTransientArtifactChanges: 0.080ms
	CategorizeAssets: 7.870ms
	CompileScripts: 4.930ms
	ImportOutOfDateAssets: 1406.594ms (1405.588ms without children)
		UnloadImportedAssets: 0.452ms
		EnsureUptoDateAssetsAreRegisteredWithGuidPM: 0.231ms
		ImportSchedulerStart: 0.307ms
	PostProcessAllAssets: 15.672ms
		MonoPostProcessAllAssets: 15.669ms
			WindowAssetPostprocessingWatcher.OnPostprocessAllAssets 4.343ms
			SyncVS.PostprocessSyncProject 2.284ms
			ProjectSettingsPostprocessor.OnPostprocessAllAssets 0.616ms
			SpeedTree9Postprocessor.OnPostprocessAllAssets 0.577ms
			ConfigAssetsTracker.OnPostprocessAllAssets 0.416ms
			EditModeScopePostprocessor.OnPostprocessAllAssets 0.238ms
			InputActionAssetPostprocessor.OnPostprocessAllAssets 0.210ms
			ReferencedClipsPostProcessor.OnPostprocessAllAssets 0.190ms
			TerrainToolbarOverlayPostProcessor.OnPostprocessAllAssets 0.142ms
			AssetDatabaseCallbacks.OnPostprocessAllAssets 0.112ms
			RenderPipelineGlobalSettingsPostprocessor.OnPostprocessAllAssets 0.061ms
	GatherAllCurrentPrimaryImportResultRevisions: 0.103ms
	GenerateScriptTypeHashes: 0.441ms
	GenerateScriptTypeSerializationHashes: 0.951ms
	Untracked: 1137.399ms

Loaded scene 'Temp/__Backupscenes/0.backup'
	Deserialize:            1.203 ms
	Integration:            250.167 ms
	Integration of assets:  0.002 ms
	Thread Wait Time:       0.010 ms
	Total Operation Time:   251.382 ms
[Licensing::Client] Successfully resolved entitlement details
[Licensing::Client] Successfully resolved entitlement details
Unloading 2 Unused Serialized files (Serialized files now loaded: 0)
Loaded scene 'Temp/__Backupscenes/0.backup'
	Deserialize:            1.025 ms
	Integration:            15.550 ms
	Integration of assets:  0.001 ms
	Thread Wait Time:       0.010 ms
	Total Operation Time:   16.586 ms
Unloading 16 unused Assets / (0.9 MB). Loaded Objects now: 6830.
Memory consumption went from 0.74 GB to 0.74 GB.
Total: 14.703900 ms (FindLiveObjects: 0.502400 ms CreateObjectMapping: 0.089500 ms MarkObjects: 13.859900 ms  DeleteObjects: 0.045300 ms)

[Licensing::Client] Successfully resolved entitlement details
Reloading assemblies for play mode.
Reloading assemblies after forced synchronous recompile.
Begin MonoManager ReloadAssembly
Refreshing native plugins compatible for Editor in 5.51 ms, found 4 plugins.
Native extension for Android target not found
Native extension for WindowsStandalone target not found
ScheduleIndexationOnStartup MainProcess:True IndexOnStartup:True
[MODES] ModeService[none].Initialize
[MODES] ModeService[none].LoadModes
Scripting: successfully reloaded assembly
- Finished resetting the current domain, in  1.418 seconds
Domain Reload Profiling: 2379ms
	BeginReloadAssembly (643ms)
		DisableScriptedObjects (118ms)
		CreateAndSetChildDomain (217ms)
	RebuildCommonClasses (8ms)
	RebuildNativeTypeToScriptingClass (12ms)
	initialDomainReloadingComplete (122ms)
	LoadAllAssembliesAndSetupDomain (174ms)
		LoadAssemblies (314ms)
		TypeCache.Refresh (6ms)
		AnalyzeDomain (4ms)
	FinalizeReload (1419ms)
		SetupLoadedEditorAssemblies (0ms)
			InitializePlatformSupportModulesInManaged (15ms)
			BeforeProcessingInitializeOnLoad (86ms)
			ProcessInitializeOnLoadAttributes (259ms)
			ProcessInitializeOnLoadMethodAttributes (32ms)
			AfterProcessingInitializeOnLoad (6ms)
		AwakeInstancesAfterBackupRestoration (642ms)

Asset Pipeline Refresh (id=dd5fe8325df1a454a82c8a5da7cb37b7): Total: 2.607 seconds - Initiated by StopAssetImportingV2(ForceSynchronousImport | ForceDomainReload)
	(Values over 0.05ms)
	Summary:
		Imports: total=0 (actual=0, local cache=0, cache server=0)
		Asset DB Process Time: managed=0 ms, native=1511 ms
		Asset DB Callback time: managed=16 ms, native=1 ms
		Scripting: domain reloads=1, domain reload time=1071 ms, compile time=6 ms, other=0 ms
		Project Asset Count: scripts=836, non-scripts=941
		Asset File Changes: new=0, changed=0, moved=0, deleted=0
		Scan Filter Count: 0
	InvokePackagesCallback: 5.466ms
	ApplyChangesToAssetFolders: 0.177ms
	Collect global state as custom dependencies: 2.199ms
	ProcessAssetsWithTransientArtifactChanges: 0.091ms
	CategorizeAssets: 8.496ms
	CompileScripts: 6.466ms
	ImportOutOfDateAssets: 1432.384ms (1431.340ms without children)
		UnloadImportedAssets: 0.499ms
		EnsureUptoDateAssetsAreRegisteredWithGuidPM: 0.219ms
		ImportSchedulerStart: 0.304ms
	PostProcessAllAssets: 16.627ms
		MonoPostProcessAllAssets: 16.624ms
			WindowAssetPostprocessingWatcher.OnPostprocessAllAssets 4.348ms
			SyncVS.PostprocessSyncProject 2.172ms
			EditModeScopePostprocessor.OnPostprocessAllAssets 1.404ms
			SpeedTree9Postprocessor.OnPostprocessAllAssets 0.587ms
			ProjectSettingsPostprocessor.OnPostprocessAllAssets 0.571ms
			ConfigAssetsTracker.OnPostprocessAllAssets 0.416ms
			InputActionAssetPostprocessor.OnPostprocessAllAssets 0.226ms
			ReferencedClipsPostProcessor.OnPostprocessAllAssets 0.195ms
			TerrainToolbarOverlayPostProcessor.OnPostprocessAllAssets 0.133ms
			AssetDatabaseCallbacks.OnPostprocessAllAssets 0.114ms
			RenderPipelineGlobalSettingsPostprocessor.OnPostprocessAllAssets 0.060ms
	GatherAllCurrentPrimaryImportResultRevisions: 0.077ms
	GenerateScriptTypeHashes: 0.445ms
	GenerateScriptTypeSerializationHashes: 0.963ms
	Untracked: 1098.168ms

Loaded scene 'Temp/__Backupscenes/0.backup'
	Deserialize:            1.146 ms
	Integration:            241.228 ms
	Integration of assets:  0.001 ms
	Thread Wait Time:       0.012 ms
	Total Operation Time:   242.387 ms
[Licensing::Client] Successfully resolved entitlement details
[Licensing::Client] Successfully resolved entitlement details
Unloading 2 Unused Serialized files (Serialized files now loaded: 0)
Loaded scene 'Temp/__Backupscenes/0.backup'
	Deserialize:            1.008 ms
	Integration:            13.431 ms
	Integration of assets:  0.001 ms
	Thread Wait Time:       0.008 ms
	Total Operation Time:   14.448 ms
Unloading 15 unused Assets / (1.2 MB). Loaded Objects now: 6825.
Memory consumption went from 0.74 GB to 0.74 GB.
Total: 14.421800 ms (FindLiveObjects: 0.638900 ms CreateObjectMapping: 0.095700 ms MarkObjects: 13.445300 ms  DeleteObjects: 0.042900 ms)

Reloading assemblies for play mode.
Reloading assemblies after forced synchronous recompile.
[Licensing::Client] Successfully resolved entitlement details
Begin MonoManager ReloadAssembly
Refreshing native plugins compatible for Editor in 5.18 ms, found 4 plugins.
[Licensing::Client] Successfully resolved entitlement details
Native extension for Android target not found
Native extension for WindowsStandalone target not found
ScheduleIndexationOnStartup MainProcess:True IndexOnStartup:True
[MODES] ModeService[none].Initialize
[MODES] ModeService[none].LoadModes
Scripting: successfully reloaded assembly
- Finished resetting the current domain, in  1.501 seconds
Domain Reload Profiling: 2529ms
	BeginReloadAssembly (654ms)
		DisableScriptedObjects (117ms)
		CreateAndSetChildDomain (209ms)
	RebuildCommonClasses (8ms)
	RebuildNativeTypeToScriptingClass (13ms)
	initialDomainReloadingComplete (124ms)
	LoadAllAssembliesAndSetupDomain (228ms)
		LoadAssemblies (357ms)
		TypeCache.Refresh (6ms)
		AnalyzeDomain (6ms)
	FinalizeReload (1502ms)
		SetupLoadedEditorAssemblies (0ms)
			LogAssemblyErrors (3ms)
			InitializePlatformSupportModulesInManaged (12ms)
			BeforeProcessingInitializeOnLoad (87ms)
			ProcessInitializeOnLoadAttributes (261ms)
			ProcessInitializeOnLoadMethodAttributes (30ms)
			AfterProcessingInitializeOnLoad (6ms)
		AwakeInstancesAfterBackupRestoration (678ms)

Asset Pipeline Refresh (id=df73c77adc75a6048a6c34a32caefb9a): Total: 2.804 seconds - Initiated by StopAssetImportingV2(ForceSynchronousImport | ForceDomainReload)
	(Values over 0.05ms)
	Summary:
		Imports: total=0 (actual=0, local cache=0, cache server=0)
		Asset DB Process Time: managed=0 ms, native=1593 ms
		Asset DB Callback time: managed=15 ms, native=1 ms
		Scripting: domain reloads=1, domain reload time=1187 ms, compile time=5 ms, other=0 ms
		Project Asset Count: scripts=836, non-scripts=941
		Asset File Changes: new=0, changed=0, moved=0, deleted=0
		Scan Filter Count: 0
	InvokePackagesCallback: 6.316ms
	ApplyChangesToAssetFolders: 0.174ms
	Collect global state as custom dependencies: 2.495ms
	ProcessAssetsWithTransientArtifactChanges: 0.124ms
	CategorizeAssets: 13.317ms
	CompileScripts: 5.370ms
	ImportOutOfDateAssets: 1514.662ms (1513.644ms without children)
		UnloadImportedAssets: 0.489ms
		EnsureUptoDateAssetsAreRegisteredWithGuidPM: 0.201ms
		ImportSchedulerStart: 0.310ms
	PostProcessAllAssets: 15.841ms
		MonoPostProcessAllAssets: 15.839ms
			WindowAssetPostprocessingWatcher.OnPostprocessAllAssets 4.268ms
			SyncVS.PostprocessSyncProject 2.412ms
			ProjectSettingsPostprocessor.OnPostprocessAllAssets 0.576ms
			SpeedTree9Postprocessor.OnPostprocessAllAssets 0.570ms
			ConfigAssetsTracker.OnPostprocessAllAssets 0.416ms
			EditModeScopePostprocessor.OnPostprocessAllAssets 0.218ms
			InputActionAssetPostprocessor.OnPostprocessAllAssets 0.202ms
			ReferencedClipsPostProcessor.OnPostprocessAllAssets 0.186ms
			AssetDatabaseCallbacks.OnPostprocessAllAssets 0.117ms
			TerrainToolbarOverlayPostProcessor.OnPostprocessAllAssets 0.107ms
			RenderPipelineGlobalSettingsPostprocessor.OnPostprocessAllAssets 0.070ms
	GatherAllCurrentPrimaryImportResultRevisions: 0.142ms
	UnloadStreamsBegin: 0.084ms
	GenerateScriptTypeHashes: 0.457ms
	GenerateScriptTypeSerializationHashes: 0.970ms
	Untracked: 1215.858ms

Loaded scene 'Temp/__Backupscenes/0.backup'
	Deserialize:            1.201 ms
	Integration:            243.162 ms
	Integration of assets:  0.002 ms
	Thread Wait Time:       0.009 ms
	Total Operation Time:   244.374 ms
[Licensing::Client] Successfully resolved entitlement details
[Licensing::Client] Successfully resolved entitlement details
Unloading 2 Unused Serialized files (Serialized files now loaded: 0)
Loaded scene 'Temp/__Backupscenes/0.backup'
	Deserialize:            1.239 ms
	Integration:            16.338 ms
	Integration of assets:  0.004 ms
	Thread Wait Time:       0.050 ms
	Total Operation Time:   17.631 ms
Unloading 20 unused Assets / (30.3 MB). Loaded Objects now: 6836.
Memory consumption went from 0.78 GB to 0.75 GB.
Total: 15.665400 ms (FindLiveObjects: 0.642800 ms CreateObjectMapping: 0.085900 ms MarkObjects: 13.994000 ms  DeleteObjects: 0.735500 ms)

[Licensing::Client] Successfully resolved entitlement details
Reloading assemblies for play mode.
Reloading assemblies after forced synchronous recompile.
Begin MonoManager ReloadAssembly
Refreshing native plugins compatible for Editor in 3.08 ms, found 4 plugins.
Native extension for Android target not found
Native extension for WindowsStandalone target not found
ScheduleIndexationOnStartup MainProcess:True IndexOnStartup:True
[MODES] ModeService[none].Initialize
[MODES] ModeService[none].LoadModes
Scripting: successfully reloaded assembly
- Finished resetting the current domain, in  1.410 seconds
Domain Reload Profiling: 2433ms
	BeginReloadAssembly (673ms)
		DisableScriptedObjects (126ms)
		CreateAndSetChildDomain (211ms)
	RebuildCommonClasses (8ms)
	RebuildNativeTypeToScriptingClass (12ms)
	initialDomainReloadingComplete (131ms)
	LoadAllAssembliesAndSetupDomain (197ms)
		LoadAssemblies (358ms)
		TypeCache.Refresh (6ms)
		AnalyzeDomain (5ms)
			ResolveRequiredComponents (3ms)
	FinalizeReload (1411ms)
		SetupLoadedEditorAssemblies (0ms)
			InitializePlatformSupportModulesInManaged (12ms)
			BeforeProcessingInitializeOnLoad (82ms)
			ProcessInitializeOnLoadAttributes (263ms)
			ProcessInitializeOnLoadMethodAttributes (30ms)
			AfterProcessingInitializeOnLoad (6ms)
		AwakeInstancesAfterBackupRestoration (639ms)

Asset Pipeline Refresh (id=7a580aa2333656f4f868d669333d6063): Total: 2.645 seconds - Initiated by StopAssetImportingV2(ForceSynchronousImport | ForceDomainReload)
	(Values over 0.05ms)
	Summary:
		Imports: total=0 (actual=0, local cache=0, cache server=0)
		Asset DB Process Time: managed=0 ms, native=1492 ms
		Asset DB Callback time: managed=15 ms, native=0 ms
		Scripting: domain reloads=1, domain reload time=1132 ms, compile time=3 ms, other=0 ms
		Project Asset Count: scripts=836, non-scripts=941
		Asset File Changes: new=0, changed=0, moved=0, deleted=0
		Scan Filter Count: 0
	InvokePackagesCallback: 4.444ms
	ApplyChangesToAssetFolders: 0.171ms
	Collect global state as custom dependencies: 2.047ms
	ProcessAssetsWithTransientArtifactChanges: 0.082ms
	CategorizeAssets: 8.314ms
	CompileScripts: 3.123ms
	ImportOutOfDateAssets: 1420.491ms (1419.485ms without children)
		UnloadImportedAssets: 0.470ms
		EnsureUptoDateAssetsAreRegisteredWithGuidPM: 0.211ms
		ImportSchedulerStart: 0.306ms
	PostProcessAllAssets: 15.328ms
		MonoPostProcessAllAssets: 15.325ms
			WindowAssetPostprocessingWatcher.OnPostprocessAllAssets 4.161ms
			SyncVS.PostprocessSyncProject 2.221ms
			ProjectSettingsPostprocessor.OnPostprocessAllAssets 0.580ms
			SpeedTree9Postprocessor.OnPostprocessAllAssets 0.563ms
			ConfigAssetsTracker.OnPostprocessAllAssets 0.416ms
			InputActionAssetPostprocessor.OnPostprocessAllAssets 0.210ms
			EditModeScopePostprocessor.OnPostprocessAllAssets 0.209ms
			ReferencedClipsPostProcessor.OnPostprocessAllAssets 0.194ms
			TerrainToolbarOverlayPostProcessor.OnPostprocessAllAssets 0.141ms
			AssetDatabaseCallbacks.OnPostprocessAllAssets 0.125ms
			RenderPipelineGlobalSettingsPostprocessor.OnPostprocessAllAssets 0.061ms
	GatherAllCurrentPrimaryImportResultRevisions: 0.126ms
	GenerateScriptTypeHashes: 0.442ms
	GenerateScriptTypeSerializationHashes: 0.961ms
	Untracked: 1159.426ms

Loaded scene 'Temp/__Backupscenes/0.backup'
	Deserialize:            1.193 ms
	Integration:            247.378 ms
	Integration of assets:  0.002 ms
	Thread Wait Time:       0.009 ms
	Total Operation Time:   248.582 ms
[Licensing::Client] Successfully resolved entitlement details
[Licensing::Client] Successfully resolved entitlement details
Unloading 2 Unused Serialized files (Serialized files now loaded: 0)
Loaded scene 'Temp/__Backupscenes/0.backup'
	Deserialize:            1.026 ms
	Integration:            20.863 ms
	Integration of assets:  0.001 ms
	Thread Wait Time:       0.011 ms
	Total Operation Time:   21.901 ms
Unloading 15 unused Assets / (0.7 MB). Loaded Objects now: 6831.
Memory consumption went from 0.75 GB to 0.75 GB.
Total: 15.051800 ms (FindLiveObjects: 0.828800 ms CreateObjectMapping: 0.092400 ms MarkObjects: 13.873000 ms  DeleteObjects: 0.046800 ms)

Reloading assemblies for play mode.
Reloading assemblies after forced synchronous recompile.
Begin MonoManager ReloadAssembly
Refreshing native plugins compatible for Editor in 4.16 ms, found 4 plugins.
Native extension for Android target not found
Native extension for WindowsStandalone target not found
ScheduleIndexationOnStartup MainProcess:True IndexOnStartup:True
[MODES] ModeService[none].Initialize
[MODES] ModeService[none].LoadModes
[Licensing::Client] Successfully resolved entitlement details
Scripting: successfully reloaded assembly
- Finished resetting the current domain, in  1.503 seconds
Domain Reload Profiling: 2498ms
	BeginReloadAssembly (637ms)
		DisableScriptedObjects (118ms)
		CreateAndSetChildDomain (221ms)
	RebuildCommonClasses (9ms)
	RebuildNativeTypeToScriptingClass (12ms)
	initialDomainReloadingComplete (129ms)
	LoadAllAssembliesAndSetupDomain (208ms)
		LoadAssemblies (321ms)
		TypeCache.Refresh (6ms)
		AnalyzeDomain (4ms)
			ResolveRequiredComponents (3ms)
	FinalizeReload (1503ms)
		SetupLoadedEditorAssemblies (0ms)
			InitializePlatformSupportModulesInManaged (16ms)
			BeforeProcessingInitializeOnLoad (84ms)
			ProcessInitializeOnLoadAttributes (269ms)
			ProcessInitializeOnLoadMethodAttributes (42ms)
			AfterProcessingInitializeOnLoad (6ms)
		AwakeInstancesAfterBackupRestoration (697ms)

Asset Pipeline Refresh (id=bb7667b8259f3d540b92d3a6693f6fa2): Total: 2.728 seconds - Initiated by StopAssetImportingV2(ForceSynchronousImport | ForceDomainReload)
	(Values over 0.05ms)
	Summary:
		Imports: total=0 (actual=0, local cache=0, cache server=0)
		Asset DB Process Time: managed=0 ms, native=1598 ms
		Asset DB Callback time: managed=19 ms, native=1 ms
		Scripting: domain reloads=1, domain reload time=1105 ms, compile time=3 ms, other=0 ms
		Project Asset Count: scripts=836, non-scripts=941
		Asset File Changes: new=0, changed=0, moved=0, deleted=0
		Scan Filter Count: 0
	InvokePackagesCallback: 6.389ms
	ApplyChangesToAssetFolders: 0.175ms
	Collect global state as custom dependencies: 2.275ms
	ProcessAssetsWithTransientArtifactChanges: 0.083ms
	CategorizeAssets: 8.792ms
	CompileScripts: 3.248ms
	ImportOutOfDateAssets: 1513.568ms (1512.570ms without children)
		UnloadImportedAssets: 0.459ms
		EnsureUptoDateAssetsAreRegisteredWithGuidPM: 0.202ms
		ImportSchedulerStart: 0.318ms
	PostProcessAllAssets: 19.070ms
		MonoPostProcessAllAssets: 19.067ms
			WindowAssetPostprocessingWatcher.OnPostprocessAllAssets 4.363ms
			SyncVS.PostprocessSyncProject 2.287ms
			SpeedTree9Postprocessor.OnPostprocessAllAssets 0.591ms
			ProjectSettingsPostprocessor.OnPostprocessAllAssets 0.571ms
			ConfigAssetsTracker.OnPostprocessAllAssets 0.416ms
			EditModeScopePostprocessor.OnPostprocessAllAssets 0.219ms
			InputActionAssetPostprocessor.OnPostprocessAllAssets 0.210ms
			ReferencedClipsPostProcessor.OnPostprocessAllAssets 0.191ms
			TerrainToolbarOverlayPostProcessor.OnPostprocessAllAssets 0.142ms
			AssetDatabaseCallbacks.OnPostprocessAllAssets 0.115ms
			RenderPipelineGlobalSettingsPostprocessor.OnPostprocessAllAssets 0.061ms
	GatherAllCurrentPrimaryImportResultRevisions: 0.073ms
	GenerateScriptTypeHashes: 0.480ms
	GenerateScriptTypeSerializationHashes: 1.039ms
	Untracked: 1135.882ms

Loaded scene 'Temp/__Backupscenes/0.backup'
	Deserialize:            1.204 ms
	Integration:            245.660 ms
	Integration of assets:  0.001 ms
	Thread Wait Time:       0.011 ms
	Total Operation Time:   246.876 ms
[Licensing::Client] Successfully resolved entitlement details
[Licensing::Client] Successfully resolved entitlement details
Unloading 4 Unused Serialized files (Serialized files now loaded: 0)
Loaded scene 'Temp/__Backupscenes/0.backup'
	Deserialize:            1.029 ms
	Integration:            21.306 ms
	Integration of assets:  0.001 ms
	Thread Wait Time:       0.009 ms
	Total Operation Time:   22.345 ms
Unloading 20 unused Assets / (29.7 MB). Loaded Objects now: 6858.
Memory consumption went from 0.79 GB to 0.76 GB.
Total: 16.050600 ms (FindLiveObjects: 0.572900 ms CreateObjectMapping: 0.103400 ms MarkObjects: 14.546900 ms  DeleteObjects: 0.605900 ms)

Reloading assemblies for play mode.
Reloading assemblies after forced synchronous recompile.
[Licensing::Client] Successfully resolved entitlement details
Begin MonoManager ReloadAssembly
Refreshing native plugins compatible for Editor in 3.40 ms, found 4 plugins.
[Licensing::Client] Successfully resolved entitlement details
Native extension for Android target not found
Native extension for WindowsStandalone target not found
ScheduleIndexationOnStartup MainProcess:True IndexOnStartup:True
[MODES] ModeService[none].Initialize
[MODES] ModeService[none].LoadModes
Scripting: successfully reloaded assembly
- Finished resetting the current domain, in  1.455 seconds
Domain Reload Profiling: 2456ms
	BeginReloadAssembly (671ms)
		DisableScriptedObjects (116ms)
		CreateAndSetChildDomain (230ms)
	RebuildCommonClasses (9ms)
	RebuildNativeTypeToScriptingClass (12ms)
	initialDomainReloadingComplete (115ms)
	LoadAllAssembliesAndSetupDomain (193ms)
		LoadAssemblies (347ms)
		TypeCache.Refresh (6ms)
		AnalyzeDomain (4ms)
	FinalizeReload (1456ms)
		SetupLoadedEditorAssemblies (0ms)
			InitializePlatformSupportModulesInManaged (14ms)
			BeforeProcessingInitializeOnLoad (86ms)
			ProcessInitializeOnLoadAttributes (267ms)
			ProcessInitializeOnLoadMethodAttributes (29ms)
			AfterProcessingInitializeOnLoad (6ms)
		AwakeInstancesAfterBackupRestoration (650ms)

Asset Pipeline Refresh (id=f530cf2955d6f3345b539ac392ecd021): Total: 2.783 seconds - Initiated by StopAssetImportingV2(ForceSynchronousImport | ForceDomainReload)
	(Values over 0.05ms)
	Summary:
		Imports: total=0 (actual=0, local cache=0, cache server=0)
		Asset DB Process Time: managed=0 ms, native=1550 ms
		Asset DB Callback time: managed=15 ms, native=1 ms
		Scripting: domain reloads=1, domain reload time=1207 ms, compile time=8 ms, other=0 ms
		Project Asset Count: scripts=836, non-scripts=941
		Asset File Changes: new=0, changed=0, moved=0, deleted=0
		Scan Filter Count: 0
	InvokePackagesCallback: 8.966ms
	ApplyChangesToAssetFolders: 0.176ms
	Collect global state as custom dependencies: 3.803ms
	ProcessAssetsWithTransientArtifactChanges: 0.080ms
	CategorizeAssets: 8.102ms
	CompileScripts: 7.529ms
	ImportOutOfDateAssets: 1466.948ms (1465.958ms without children)
		UnloadImportedAssets: 0.476ms
		EnsureUptoDateAssetsAreRegisteredWithGuidPM: 0.197ms
		ImportSchedulerStart: 0.300ms
	PostProcessAllAssets: 15.586ms
		MonoPostProcessAllAssets: 15.583ms
			WindowAssetPostprocessingWatcher.OnPostprocessAllAssets 4.154ms
			SyncVS.PostprocessSyncProject 2.323ms
			ProjectSettingsPostprocessor.OnPostprocessAllAssets 0.613ms
			SpeedTree9Postprocessor.OnPostprocessAllAssets 0.579ms
			ConfigAssetsTracker.OnPostprocessAllAssets 0.416ms
			InputActionAssetPostprocessor.OnPostprocessAllAssets 0.231ms
			EditModeScopePostprocessor.OnPostprocessAllAssets 0.218ms
			ReferencedClipsPostProcessor.OnPostprocessAllAssets 0.203ms
			AssetDatabaseCallbacks.OnPostprocessAllAssets 0.110ms
			TerrainToolbarOverlayPostProcessor.OnPostprocessAllAssets 0.106ms
			RenderPipelineGlobalSettingsPostprocessor.OnPostprocessAllAssets 0.064ms
	GatherAllCurrentPrimaryImportResultRevisions: 0.105ms
	UnloadStreamsBegin: 1.462ms
	GenerateScriptTypeHashes: 0.448ms
	GenerateScriptTypeSerializationHashes: 0.974ms
	Untracked: 1236.154ms

Loaded scene 'Temp/__Backupscenes/0.backup'
	Deserialize:            1.229 ms
	Integration:            236.428 ms
	Integration of assets:  0.001 ms
	Thread Wait Time:       0.012 ms
	Total Operation Time:   237.671 ms
[Licensing::Client] Successfully resolved entitlement details
[Licensing::Client] Successfully resolved entitlement details
Unloading 2 Unused Serialized files (Serialized files now loaded: 0)
Loaded scene 'Temp/__Backupscenes/0.backup'
	Deserialize:            1.003 ms
	Integration:            13.502 ms
	Integration of assets:  0.001 ms
	Thread Wait Time:       0.011 ms
	Total Operation Time:   14.517 ms
Unloading 39 unused Assets / (29.6 MB). Loaded Objects now: 6831.
Memory consumption went from 0.79 GB to 0.76 GB.
Total: 14.431700 ms (FindLiveObjects: 0.429600 ms CreateObjectMapping: 0.089500 ms MarkObjects: 12.941200 ms  DeleteObjects: 0.757100 ms)

[Licensing::Client] Successfully resolved entitlement details
Reloading assemblies for play mode.
Reloading assemblies after forced synchronous recompile.
Begin MonoManager ReloadAssembly
Refreshing native plugins compatible for Editor in 3.05 ms, found 4 plugins.
Native extension for Android target not found
Native extension for WindowsStandalone target not found
ScheduleIndexationOnStartup MainProcess:True IndexOnStartup:True
[MODES] ModeService[none].Initialize
[MODES] ModeService[none].LoadModes
Scripting: successfully reloaded assembly
- Finished resetting the current domain, in  1.449 seconds
Domain Reload Profiling: 2375ms
	BeginReloadAssembly (596ms)
		DisableScriptedObjects (115ms)
		CreateAndSetChildDomain (195ms)
	RebuildCommonClasses (8ms)
	RebuildNativeTypeToScriptingClass (12ms)
	initialDomainReloadingComplete (121ms)
	LoadAllAssembliesAndSetupDomain (188ms)
		LoadAssemblies (296ms)
		TypeCache.Refresh (6ms)
		AnalyzeDomain (4ms)
	FinalizeReload (1449ms)
		SetupLoadedEditorAssemblies (0ms)
			InitializePlatformSupportModulesInManaged (11ms)
			BeforeProcessingInitializeOnLoad (85ms)
			ProcessInitializeOnLoadAttributes (283ms)
			ProcessInitializeOnLoadMethodAttributes (37ms)
			AfterProcessingInitializeOnLoad (6ms)
		AwakeInstancesAfterBackupRestoration (649ms)

Asset Pipeline Refresh (id=d7685f127078de74188b1ca4cfb7e311): Total: 2.573 seconds - Initiated by StopAssetImportingV2(ForceSynchronousImport | ForceDomainReload)
	(Values over 0.05ms)
	Summary:
		Imports: total=0 (actual=0, local cache=0, cache server=0)
		Asset DB Process Time: managed=0 ms, native=1527 ms
		Asset DB Callback time: managed=15 ms, native=0 ms
		Scripting: domain reloads=1, domain reload time=1026 ms, compile time=3 ms, other=0 ms
		Project Asset Count: scripts=836, non-scripts=941
		Asset File Changes: new=0, changed=0, moved=0, deleted=0
		Scan Filter Count: 0
	InvokePackagesCallback: 4.378ms
	ApplyChangesToAssetFolders: 0.170ms
	Collect global state as custom dependencies: 2.079ms
	ProcessAssetsWithTransientArtifactChanges: 0.081ms
	CategorizeAssets: 7.871ms
	CompileScripts: 3.172ms
	ImportOutOfDateAssets: 1458.366ms (1457.401ms without children)
		UnloadImportedAssets: 0.464ms
		EnsureUptoDateAssetsAreRegisteredWithGuidPM: 0.202ms
		ImportSchedulerStart: 0.282ms
	PostProcessAllAssets: 15.061ms
		MonoPostProcessAllAssets: 15.058ms
			WindowAssetPostprocessingWatcher.OnPostprocessAllAssets 4.037ms
			SyncVS.PostprocessSyncProject 2.188ms
			ProjectSettingsPostprocessor.OnPostprocessAllAssets 0.564ms
			SpeedTree9Postprocessor.OnPostprocessAllAssets 0.560ms
			ConfigAssetsTracker.OnPostprocessAllAssets 0.416ms
			EditModeScopePostprocessor.OnPostprocessAllAssets 0.220ms
			ReferencedClipsPostProcessor.OnPostprocessAllAssets 0.205ms
			InputActionAssetPostprocessor.OnPostprocessAllAssets 0.203ms
			AssetDatabaseCallbacks.OnPostprocessAllAssets 0.112ms
			TerrainToolbarOverlayPostProcessor.OnPostprocessAllAssets 0.108ms
			RenderPipelineGlobalSettingsPostprocessor.OnPostprocessAllAssets 0.061ms
	GatherAllCurrentPrimaryImportResultRevisions: 0.074ms
	GenerateScriptTypeHashes: 0.439ms
	GenerateScriptTypeSerializationHashes: 0.951ms
	Untracked: 1051.775ms

Loaded scene 'Temp/__Backupscenes/0.backup'
	Deserialize:            1.206 ms
	Integration:            241.162 ms
	Integration of assets:  0.002 ms
	Thread Wait Time:       0.010 ms
	Total Operation Time:   242.381 ms
[Licensing::Client] Successfully resolved entitlement details
[Licensing::Client] Successfully resolved entitlement details
Asset Pipeline Refresh (id=710fd01468d4b074989edab2ea702bcf): Total: 0.022 seconds - Initiated by RefreshV2(NoUpdateAssetOptions)
[ScriptCompilation] Requested script compilation because: AssetDatabase observed changes in script compilation related files
Refreshing native plugins compatible for Editor in 3.71 ms, found 4 plugins.
Asset Pipeline Refresh (id=4d09a7fde63ef6b48a02208d77341817): Total: 0.045 seconds - Initiated by RefreshV2(NoUpdateAssetOptions)
[Licensing::Client] Successfully resolved entitlement details
Starting: C:\Program Files\Unity\Hub\Editor\6000.6.3f1\Editor\Data\Tools\BuildPipeline\bee_backend.exe --ipc --defer-dag-verification --dagfile="Library/Bee/1900b0aE.dag" --continue-on-failure --profile="Library/Bee/backend1.traceevents" ScriptAssemblies
WorkingDir: C:/Users/lucas62658716/personagem
Asset Pipeline Refresh (id=4a562b19266f20941a94defd68ba5060): Total: 0.022 seconds - Initiated by RefreshV2(NoUpdateAssetOptions)
Asset Pipeline Refresh (id=1a90bea9b30770a41840403564ae1033): Total: 0.022 seconds - Initiated by RefreshV2(NoUpdateAssetOptions)
Asset Pipeline Refresh (id=4625d66c074b1d64ca64a8223b1e55b8): Total: 0.020 seconds - Initiated by RefreshV2(NoUpdateAssetOptions)
Asset Pipeline Refresh (id=f79e65016c622c64497aa304a2179370): Total: 0.021 seconds - Initiated by RefreshV2(NoUpdateAssetOptions)
Asset Pipeline Refresh (id=c931574e5116a8444a8154fa388e777f): Total: 0.021 seconds - Initiated by RefreshV2(NoUpdateAssetOptions)
ExitCode: 0 Duration: 5s124ms
[460/567    0s] ILPP-Configuration Library/ilpp-configuration.nevergeneratedoutput
[563/567    3s] Csc Library/Bee/artifacts/1900b0aE.dag/Assembly-CSharp.dll (+2 others)
[             ] Modification date of `Assets\Scripts\PersonagemAndar.cs` changed while running `Csc Library/Bee/artifacts/1900b0aE.dag/Assembly-CSharp.dll (+2 others)`. Old timestamp: 134357677407447381, new timestamp: 134357677425320336
[564/567    0s] ILPostProcess Library/Bee/artifacts/1900b0aE.dag/post-processed/Assembly-CSharp.dll (+pdb)
Processing assembly Library/Bee/artifacts/1900b0aE.dag/Assembly-CSharp.dll, with 149 defines and 320 references

processors: zzzUnity.Burst.CodeGen.BurstILPostProcessor

1 processor(s) skipped this assembly
[565/567    0s] CopyFiles Library/ScriptAssemblies/Assembly-CSharp.pdb
[566/567    0s] CopyFiles Library/ScriptAssemblies/Assembly-CSharp.dll
*** Tundra build success (5.02 seconds), 5 items updated, 567 evaluated
Reloading assemblies after finishing script compilation.
Reloading assemblies after forced synchronous recompile.
Total cache size 77508908
Total cache size after purge 77508908, took 00:00:00.1725966
Begin MonoManager ReloadAssembly
Refreshing native plugins compatible for Editor in 4.63 ms, found 4 plugins.
[Licensing::Client] Successfully resolved entitlement details
Native extension for Android target not found
Native extension for WindowsStandalone target not found
[MODES] ModeService[none].Initialize
[MODES] ModeService[none].LoadModes
ScheduleIndexationOnStartup MainProcess:True IndexOnStartup:True
Scripting: successfully reloaded assembly
- Finished resetting the current domain, in  1.736 seconds
Domain Reload Profiling: 3181ms
	BeginReloadAssembly (891ms)
		DisableScriptedObjects (115ms)
		CreateAndSetChildDomain (228ms)
	RebuildCommonClasses (10ms)
	RebuildNativeTypeToScriptingClass (13ms)
	initialDomainReloadingComplete (156ms)
	LoadAllAssembliesAndSetupDomain (374ms)
		LoadAssemblies (528ms)
		TypeCache.Refresh (12ms)
		AnalyzeDomain (143ms)
			BuildScriptInfoCaches (138ms)
			ResolveRequiredComponents (3ms)
	FinalizeReload (1736ms)
		SetupLoadedEditorAssemblies (0ms)
			InitializePlatformSupportModulesInManaged (13ms)
			BeforeProcessingInitializeOnLoad (155ms)
			ProcessInitializeOnLoadAttributes (268ms)
			ProcessInitializeOnLoadMethodAttributes (27ms)
			AfterProcessingInitializeOnLoad (6ms)
		AwakeInstancesAfterBackupRestoration (620ms)
Refreshing native plugins compatible for Editor in 3.50 ms, found 4 plugins.

Asset Pipeline Refresh (id=f33b94345eade5442b0470043f016367): Total: 3.574 seconds - Initiated by StopAssetImportingV2(ForceSynchronousImport | ForceDomainReload)
	(Values over 0.05ms)
	Summary:
		Imports: total=0 (actual=0, local cache=0, cache server=0)
		Asset DB Process Time: managed=0 ms, native=1809 ms
		Asset DB Callback time: managed=29 ms, native=11 ms
		Scripting: domain reloads=1, domain reload time=1712 ms, compile time=10 ms, other=0 ms
		Project Asset Count: scripts=836, non-scripts=941
		Asset File Changes: new=0, changed=0, moved=0, deleted=0
		Scan Filter Count: 0
	InvokePackagesCallback: 6.570ms
	ApplyChangesToAssetFolders: 0.205ms
	Collect global state as custom dependencies: 2.951ms
	ProcessAssetsWithTransientArtifactChanges: 3.144ms
	CategorizeAssets: 8.556ms
	CompileScripts: 10.400ms
	ImportOutOfDateAssets: 1743.979ms (1742.938ms without children)
		UnloadImportedAssets: 0.489ms
		EnsureUptoDateAssetsAreRegisteredWithGuidPM: 0.222ms
		ImportSchedulerStart: 0.306ms
	PostProcessAllAssets: 31.304ms
		PostProcessCallbackCreateDeferredMaterials 1.132ms
		XRBuildSystem.XRAssetImported 0.335ms
		MonoPostProcessAllAssets: 29.265ms
			WindowAssetPostprocessingWatcher.OnPostprocessAllAssets 4.359ms
			BuilderAssetPostprocessor.OnPostprocessAllAssets 4.083ms
			AssetPostprocessor.OnPostprocessAllAssets 3.757ms
			SyncVS.PostprocessSyncProject 2.232ms
			AssetChangedListener.OnPostprocessAllAssets 1.118ms
			RetainedModeAssetPostprocessor.OnPostprocessAllAssets 0.909ms
			SpeedTree9Postprocessor.OnPostprocessAllAssets 0.580ms
			TMPro_TexturePostProcessor.OnPostprocessAllAssets 0.453ms
			ArtifactBrowserPostProcessor.OnPostprocessAllAssets 0.377ms
			UVCSAssetPostprocessor.OnPostprocessAllAssets 0.356ms
			InputActionAssetPostprocessor.OnPostprocessAllAssets 0.264ms
			InputActionJsonNameModifierAssetProcessor.OnPostprocessAllAssets 0.241ms
			TextAssetPostProcessor.OnPostprocessAllAssets 0.240ms
			EditModeScopePostprocessor.OnPostprocessAllAssets 0.229ms
			AudioMixerPostprocessor.OnPostprocessAllAssets 0.216ms
			ReferencedClipsPostProcessor.OnPostprocessAllAssets 0.196ms
			StyleCatalogPostProcessor.OnPostprocessAllAssets 0.164ms
			AssetEvents.OnPostprocessAllAssets 0.157ms
			SamplePostprocessor.OnPostprocessAllAssets 0.147ms
			ProjectSettingsPostprocessor.OnPostprocessAllAssets 0.139ms
			AssetDatabaseCallbacks.OnPostprocessAllAssets 0.117ms
			SpeedTreePostProcessor.OnPostprocessAllAssets 0.109ms
			TerrainToolbarOverlayPostProcessor.OnPostprocessAllAssets 0.107ms
			ConfigAssetsTracker.OnPostprocessAllAssets 0.104ms
			ScenarioDriftAssetsTracker.OnPostprocessAllAssets 0.102ms
			ThemePostprocessor.OnPostprocessAllAssets 0.090ms
			AssetReloadNotifier.OnPostprocessAllAssets 0.083ms
			RenderPipelineGlobalSettingsPostprocessor.OnPostprocessAllAssets 0.075ms
			AudioContainerPostProcessor.OnPostprocessAllAssets 0.059ms
	PostAssetChangesProfiler: 8.814ms
	GatherAllCurrentPrimaryImportResultRevisions: 0.124ms
	GenerateScriptTypeHashes: 0.501ms
	GenerateScriptTypeSerializationHashes: 1.060ms
	Untracked: 1740.163ms

[Licensing::Client] Successfully resolved entitlement details
Asset Pipeline Refresh (id=2325d7ed9fe87ad43a3e16e31749f100): Total: 0.007 seconds - Initiated by RefreshV2(NoUpdateAssetOptions)
[Licensing::Client] Successfully resolved entitlement details
Unloading 0 Unused Serialized files (Serialized files now loaded: 0)
Loaded scene 'Temp/__Backupscenes/0.backup'
	Deserialize:            3.446 ms
	Integration:            14.960 ms
	Integration of assets:  0.011 ms
	Thread Wait Time:       0.041 ms
	Total Operation Time:   18.458 ms
Unloading 17 unused Assets / (463.2 KB). Loaded Objects now: 6837.
Memory consumption went from 0.78 GB to 0.78 GB.
Total: 14.136200 ms (FindLiveObjects: 0.406800 ms CreateObjectMapping: 0.100700 ms MarkObjects: 13.354300 ms  DeleteObjects: 0.054100 ms)

[Licensing::Client] Successfully resolved entitlement details
Asset Pipeline Refresh (id=eb202c1f573df5a4497ce45dd38a6d6a): Total: 0.028 seconds - Initiated by RefreshV2(AllowForceSynchronousImport)
[Worker0] Imported GUID: 7e568a95dbd1e26489696f73a86f083c - Path: Assets/Scripts/PersonagemAndar.cs - Importer: PreviewImporter -> (ImportResultId: 'ef4f2fa5d5253a27dc70961ff1b034f3') in 0.0047819 seconds
Asset Pipeline Refresh (id=2398066082d89944b97fd455a353f4fc): Total: 0.011 seconds - Initiated by RefreshV2(AllowForceSynchronousImport)
Reloading assemblies for play mode.
Reloading assemblies after forced synchronous recompile.
Begin MonoManager ReloadAssembly
Refreshing native plugins compatible for Editor in 6.74 ms, found 4 plugins.
Native extension for Android target not found
Native extension for WindowsStandalone target not found
ScheduleIndexationOnStartup MainProcess:True IndexOnStartup:True
[MODES] ModeService[none].Initialize
[MODES] ModeService[none].LoadModes
Scripting: successfully reloaded assembly
- Finished resetting the current domain, in  1.474 seconds
Domain Reload Profiling: 2512ms
	BeginReloadAssembly (661ms)
		DisableScriptedObjects (118ms)
		CreateAndSetChildDomain (200ms)
	RebuildCommonClasses (8ms)
	RebuildNativeTypeToScriptingClass (15ms)
	initialDomainReloadingComplete (160ms)
	LoadAllAssembliesAndSetupDomain (192ms)
		LoadAssemblies (362ms)
		TypeCache.Refresh (6ms)
		AnalyzeDomain (4ms)
	FinalizeReload (1475ms)
		SetupLoadedEditorAssemblies (0ms)
			InitializePlatformSupportModulesInManaged (17ms)
			BeforeProcessingInitializeOnLoad (80ms)
			ProcessInitializeOnLoadAttributes (274ms)
			ProcessInitializeOnLoadMethodAttributes (30ms)
			AfterProcessingInitializeOnLoad (6ms)
		AwakeInstancesAfterBackupRestoration (645ms)

Asset Pipeline Refresh (id=76241fc4ccb7ace4eb7e3a47d4702aaf): Total: 2.768 seconds - Initiated by StopAssetImportingV2(ForceSynchronousImport | ForceDomainReload)
	(Values over 0.05ms)
	Summary:
		Imports: total=0 (actual=0, local cache=0, cache server=0)
		Asset DB Process Time: managed=0 ms, native=1562 ms
		Asset DB Callback time: managed=15 ms, native=1 ms
		Scripting: domain reloads=1, domain reload time=1184 ms, compile time=3 ms, other=0 ms
		Project Asset Count: scripts=836, non-scripts=941
		Asset File Changes: new=0, changed=0, moved=0, deleted=0
		Scan Filter Count: 0
	InvokePackagesCallback: 7.059ms
	ApplyChangesToAssetFolders: 0.165ms
	Collect global state as custom dependencies: 3.243ms
	ProcessAssetsWithTransientArtifactChanges: 0.080ms
	CategorizeAssets: 8.428ms
	CompileScripts: 3.367ms
	ImportOutOfDateAssets: 1494.084ms (1491.204ms without children)
		UnloadImportedAssets: 2.333ms
		EnsureUptoDateAssetsAreRegisteredWithGuidPM: 0.216ms
		ImportSchedulerStart: 0.314ms
	PostProcessAllAssets: 15.771ms
		MonoPostProcessAllAssets: 15.768ms
			WindowAssetPostprocessingWatcher.OnPostprocessAllAssets 4.290ms
			BuilderAssetPostprocessor.OnPostprocessAllAssets 4.083ms
			AssetPostprocessor.OnPostprocessAllAssets 3.757ms
			SyncVS.PostprocessSyncProject 2.281ms
			AssetChangedListener.OnPostprocessAllAssets 1.118ms
			RetainedModeAssetPostprocessor.OnPostprocessAllAssets 0.909ms
			SpeedTree9Postprocessor.OnPostprocessAllAssets 0.608ms
			ProjectSettingsPostprocessor.OnPostprocessAllAssets 0.584ms
			TMPro_TexturePostProcessor.OnPostprocessAllAssets 0.453ms
			ArtifactBrowserPostProcessor.OnPostprocessAllAssets 0.377ms
			UVCSAssetPostprocessor.OnPostprocessAllAssets 0.356ms
			InputActionJsonNameModifierAssetProcessor.OnPostprocessAllAssets 0.241ms
			TextAssetPostProcessor.OnPostprocessAllAssets 0.240ms
			AudioMixerPostprocessor.OnPostprocessAllAssets 0.216ms
			EditModeScopePostprocessor.OnPostprocessAllAssets 0.209ms
			InputActionAssetPostprocessor.OnPostprocessAllAssets 0.207ms
			ReferencedClipsPostProcessor.OnPostprocessAllAssets 0.190ms
			StyleCatalogPostProcessor.OnPostprocessAllAssets 0.164ms
			AssetEvents.OnPostprocessAllAssets 0.157ms
			SamplePostprocessor.OnPostprocessAllAssets 0.147ms
			AssetDatabaseCallbacks.OnPostprocessAllAssets 0.112ms
			TerrainToolbarOverlayPostProcessor.OnPostprocessAllAssets 0.111ms
			SpeedTreePostProcessor.OnPostprocessAllAssets 0.109ms
			ConfigAssetsTracker.OnPostprocessAllAssets 0.104ms
			ScenarioDriftAssetsTracker.OnPostprocessAllAssets 0.102ms
			ThemePostprocessor.OnPostprocessAllAssets 0.090ms
			AssetReloadNotifier.OnPostprocessAllAssets 0.083ms
			AudioContainerPostProcessor.OnPostprocessAllAssets 0.059ms
			RenderPipelineGlobalSettingsPostprocessor.OnPostprocessAllAssets 0.058ms
	GatherAllCurrentPrimaryImportResultRevisions: 0.073ms
	GenerateScriptTypeHashes: 0.490ms
	GenerateScriptTypeSerializationHashes: 1.042ms
	Untracked: 1212.989ms

Loaded scene 'Temp/__Backupscenes/0.backup'
	Deserialize:            1.177 ms
	Integration:            243.980 ms
	Integration of assets:  0.002 ms
	Thread Wait Time:       0.009 ms
	Total Operation Time:   245.169 ms
[Licensing::Client] Successfully resolved entitlement details
[Licensing::Client] Successfully resolved entitlement details
Unloading 2 Unused Serialized files (Serialized files now loaded: 0)
Loaded scene 'Temp/__Backupscenes/0.backup'
	Deserialize:            1.034 ms
	Integration:            21.081 ms
	Integration of assets:  0.001 ms
	Thread Wait Time:       0.008 ms
	Total Operation Time:   22.124 ms
Unloading 16 unused Assets / (0.5 MB). Loaded Objects now: 6840.
Memory consumption went from 0.79 GB to 0.79 GB.
Total: 14.622700 ms (FindLiveObjects: 0.706600 ms CreateObjectMapping: 0.082500 ms MarkObjects: 13.539200 ms  DeleteObjects: 0.049700 ms)

[Licensing::Client] Successfully resolved entitlement details
Importing 'GUID: 9fc0d4010bbf28b4594072e72b8655ab - Path: Assets/Scenes/SampleScene.unity' with importer (DefaultImporter)
Imported 'GUID: 9fc0d4010bbf28b4594072e72b8655ab' -> (Import Result ID: 'a575bd3b71d1666486ce60f8af0b717d') in 0.008 seconds [static dependencies only]. Details - ImportResultOutputID=969a116b839ffa7e07089be46c53aee9 DependenciesID=076c3956e70936e0afe54bdc149cda77 StaticDependenciesID=c53257b41224c98e55b0899422815558 
Refreshing native plugins compatible for Editor in 5.12 ms, found 4 plugins.
Asset Pipeline Refresh (id=d883668bba0a26f40b2fa8fe394e34f0): Total: 0.060 seconds - Initiated by StopAssetImportingV2(NoUpdateAssetOptions)
MonoPathRemapper: Attempts to remap: 94907; Successful remaps: 33352
Serialized file version minimum: 23, current 23
[LAYOUT] About to save layout C:\Users\lucas62658716\personagem\UserSettings\Layouts\default-6000.dwlt
[LAYOUT] About to save layout C:/Users/lucas62658716/AppData/Roaming/Unity/Editor-5.x/Preferences\Layouts\current\default-6000.dwlt
Killing ADB server in 0,216301 seconds.
Input System module state changed to: ShutdownInProgress.
Input Polling Thread exited.
Input System module state changed to: Shutdown.
[Physics::Module] Cleanup current backend.
[Physics::Module] Id: 0xf2b8ea05
[Licensing::IpcConnector] LicenseClient-lucas62658716-6000.6.3-notifications channel disconnected successfully.
[Licensing::IpcConnector] LicenseClient-lucas62658716-6000.6.3 channel disconnected successfully.
Lingering sessions upon destruction of worker manager
Unity Data Store service was successfully shut down
UDS shutting down local client system
Shut down UDS service system complete
AcceleratorClientConnectionCallback - disconnected - :0
Cleanup mono
CodeReloadManager destroyed
abort_threads: Failed aborting id: 000000000000A78C, mono_thread_manage will ignore it

abort_threads: Failed aborting id: 000000000000C22C, mono_thread_manage will ignore it

abort_threads: Failed aborting id: 000000000000A78C, mono_thread_manage will ignore it

abort_threads: Failed aborting id: 000000000000C22C, mono_thread_manage will ignore it

debugger-agent: Unable to listen on 5644
VBCSCompilerPreWarmer: requested VBCSCompiler shutdown
Checking for leaked weakptr:
  Found no leaked weakptrs.
[Package Manager] Server process was shutdown
##utp:{"type":"MemoryLeaks","version":2,"phase":"Immediate","time":1791294454353,"processId":17768,"allocatedMemory":19851900,"memoryLabels":[{"Default":275536},{"Permanent":15516},{"NewDelete":89241},{"Thread":4210208},{"Manager":50528},{"VertexData":8},{"Geometry":816},{"Shader":855402},{"Material":9268},{"TextureCache":1824},{"GfxDevice":83248},{"GfxThread":13824},{"Animation":952},{"FreeType":8},{"FontEngine":736},{"Physics":1970},{"Physics2D":16},{"Serialization":198776},{"Input":45280},{"JobScheduler":256},{"TextLib":66739},{"Mono":48},{"ScriptingNativeRuntime":1561616},{"BaseObject":48912},{"Resource":1252},{"Renderer":2376},{"Transform":4685},{"File":13327},{"WebCam":616},{"Culling":32},{"Terrain":11442},{"Wind":24},{"STL":40},{"String":2305732},{"StaticString":3808},{"Utility":2676637},{"Curl":48},{"PoolAlloc":2168},{"AI":80},{"TypeTree":341555},{"ScriptManager":234136},{"CodeReload":448},{"RuntimeInitializeOnLoadManager":64},{"Sprites":102},{"SpriteAtlas":120},{"GI":7816},{"Director":8296},{"CloudService":12768},{"WebRequest":6377},{"VR":49650},{"SceneManager":608},{"Video":208},{"LazyScriptCache":32},{"NativeArray":19440},{"Camera":2533353},{"Secure":265},{"SerializationCache":9256},{"APIUpdating":10320},{"Subsystems":336},{"VirtualTexturing":57888},{"StaticSafetyDebugInfo":278528},{"Analytics":960},{"Hierarchy":1188},{"UIElements":40},{"CoreStats":14456},{"Identifiers":7152},{"Gui":1070056},{"EditorUtility":191528},{"VersionControl":8},{"Undo":931},{"AssetDatabase":2405806},{"AssetImporter":40},{"EditorGi":328},{"UnityConnect":36881},{"Upm":1988},{"UpmDiagnostics":8},{"AssetCompliance":96},{"DrivenProperties":72},{"LocalIPC":228},{"ProfilerEditor":9746},{"CoreBusinessMetrics":3606},{"Windowing":456},{"Licensing":1525},{"AssetReference":32},{"IPCStream":32}]}
